0,这款热水器功能很强大，可以半胆，整胆分开加热，触摸屏，预约功能，还有一个增容模式，客服特别好，礼貌热情，感觉特别亲切，送货安装也非常满意
1,非常漂亮，是那种高级香槟金那种感觉，高大上，液晶面板。操作简单，方便。挺快的，安装好几分钟就升温好几度。能好很低能用很长时间，有了小孩这会就够用了安装师傅专业，服务好，讲解仔细，临走时还带走垃圾，打孔时用防尘袋。非常给力，非常满意！
2,彩钢颜值，轻奢外观，看起来就高端，大气，上档次?，买的60升的，够全家人用，还有小京鱼APP智能操控，镜面触屏，屏幕显示清晰，操作很方便，加热速度快，有全胆和半胆加热，还有增功能，效果更好。一级能效等级，省时省电，还能预约加热出水率好，冬天再也不用担心没有热水了，够全家人使用，双11购物超级划算，还有赠品，买品牌品质值得信赖，使用寿命长，售后服务好，物流发货快，双11下单，第2天就能到，预约上门安装，师傅很准时很专业，服务态度好，有效率，很辛苦，顾不上喝水，饭点也不休息，辛苦了?，安装完后测试机器，还耐心讲解如何使用，如何操作
3,大气上档次，漂亮。装满水很快，有满胆和半胆选择键，还有预约热水时间，很方便，省电节能技术可以供一家5口人使用。预约和节能技术还有金圭胆，减少水垢堆积。健康环保
4,好看呀！金灰金灰的，高大上的感觉，气质型；加热速度好快，让师傅安装好，他帮我设置60度，十来分钟就从18到30+了，很快。这个得后续看啦！不过感觉还可以嘻嘻，我不是很懂；挺好，喜欢呀安装师傅人好细心，安装得很美观；安全性能看着也挺高，综合好评的啦！
5,外观很喜欢，颜色也很时尚，外观大气加热速度很快，可以连接手机，随时操控开关机，没到家就可以打开，回家就可以洗个热水澡一级能耗，没算过哈哈，反正烧好不用就关掉了之前调到65度没开增容不行的，洗不了两个人，现在调到75度打开增容正好洗俩人可以随时操控，还有增容很不错，推荐购买
6,家里没有地线，等了差不多一个星期才安装，发货特别快，当天下单第二天就到了，送货的师傅特別负责，后面安装师傅在安装中非常干净，技术也特别娴熟，不得不说有一边几乎靠墙，卫生间不大，师傅特别理解，直接安装靠墙，机体美观大方，安装师傅还主动告诉使用和注意事项，整胆半胆设计合理，节约用电，还有预约功能，操作简单，毕竟接电电器，还是要选择史密斯，当时看热水器的时候第一眼就看中了这款，高端大气上档次，低调奢华有内涵，不错不错。包装完整很快很低很爽能预约洗澡哦
7,一眼就看中了这款热水器，非常低调奢华有内涵的颜色！60L和80L的一样买了一个。送货很快，服务态度也很到位。安装师傅工作细心认真，手法也很快！秒杀时候抢的，还有赠品，挺合适的，非常满意的一次购物，正在等待赠品中！其他的特点后续再评价吧，现在还没开始使用，加热速度，能耗什么的都不知道呢。
8,家中装修，等了几天才预约安装，发货特别快，当天就收到货了，安装师傅特别负责，安装中非常干净，技术也特别娴熟，不得不说有一边几乎靠墙，卫生间不大，师傅特别理解，直接安装靠墙，机体美观大方，安装师傅还主动告诉使用和注意事项，整胆半胆设计合理，节约用电，还有预约功能，操作简单，毕竟接电电器，还得选择大品牌，就是活动奖励没有抢到，希望售后也不错。
9,时尚大方。香槟金色。我喜欢触面板操作简单。AO史密斯热水器老品牌。加热没的说。还有速热半胆模式以供选择。一级能效省电。耗能低。六十升足够一家三口用水了。AO史密斯热水器大品牌值得信赖。使用放心。父母家里就是AO史密斯热水器。使用很多年了。安装师傅服务非常好，我很满意。
10,外观很大气 颜色很高档 看起来高大尚加热速度还可以 试验了一下 凉水升温到66度用时不到20分钟耗能情况待考察 后期会追评不错安装调试人员很敬业 服务态度很好 业务水平非常熟练 专业性强 绝对好评
11,顏色和裝修很搭，金色自帶高級光環，全家都很滿意加熱很快，燒滿75度，夠全家三人洗了，還有餘量，很滿意這個覺察不出來哈，不過以史密斯的技術几一級能耗的標準，應該也是市面產品的翹楚吧安裝師傅也很專業，配件收費合理。
12,史密斯热水器以前就购买过一次，用起来很不错！加热速度快，也很环保节能，外观也很好看，各种配件质量非常好！价格贵一些也是有道理的！上门安装师傅非常专业和敬业！服务很到位，挺满意的！以后继续关注！感谢商家感谢京东！
13,外观很漂亮，挂在卫生间刚好合适。?加热速度很快功率三千瓦，速度，很快洗澡的时候很方便。?功耗以及使用很方便省电安全保护很到位休息时间还没是么等试过以后再来评价。后再来评价。史密斯热水器还是很不错的，从他那个插座到他那个金龟内胆和外表很结实，看得很扛用买也很耐用。具体使用情况等以后我会追评价的。安装师傅，很好很热情了，各种使用方法都告诉了，包括那个插头的那个安全装置都介绍了，收费也很合理师傅，上门安装结束以后将垃圾全都带走地面擦得很干净，在打眼钻孔当中，灰尘没有落到其他地方整体感觉很干净，师傅很好。
14,史密斯的热水器质量真是不错，用料扎实，耗电量低，加热速度快，功能强大，这一款还有远程预约功能，回家时间不确定的时候，用手机APP就能搞定，客服态度很好，有问必答，讲解详细，安装小哥很专业，认真负责，装完以后又给详细讲解了使用方式，还给打扫了卫生。这次购物买的很值。
15,特别漂亮高端大气上档次，液晶屏很大加热速度快级能效 省电安装师傅准时上门安转，安装很满意，安装还把卫生打扫了，还交了热水器如何使用
16,卖家发货及时，物流也快，包装完好无损，热水器质量很好，颜色高大上，手机app控制的，很省电，水温一目了然，卖家很细心，一次把配件发齐了，少了很多麻烦，双十一买的，价格超实惠，还送了赠品，安装师傅很热情，上门也快，很细心，安装的很好，一次满意的购物
17,挺不错的，看起来美观大气。始终认可史密斯，加热没的说。还可以的，史密斯一直不错。联网很方便连接小鲸鱼，不用麻烦的操作了，识别率也很好。热水输出率比其他的品牌也好很多，特别是镁棒方面。能耗比其他的品牌要好很多。
18,热水器尺寸正好，外观大气，大品牌，值得信赖，能无线用手机控制，还赠了智能音箱控制，加热很快，快递送的很准时，安装师傅安完了还把灰清理干净了，很专业，很满意的一次购物，等用一段时间我再来追评
19,大气上档次！一桶水一会就到75度，加热很快！一级能耗非常省电！安装师傅人很好，活做的非常漂亮，很专业速度很快！
20,一直非常喜欢史密斯的品牌，这款更是高大上，高贵的香槟色60升自家用可以，旧机换新还享受补助，第二天送达第三天就安装上了，给京东物流点赞！非常完美，安装师傅很专业，史密斯的售后服务更是没说的，终身免费清洗。大爱史密斯
21,很漂亮，深色的，白色的烂大街了！绅士一直用史密斯热水器，我知道它的好，加热快！没得说一级耗能更给力！60升的够用了3口之家！！能半胆加热！速热功能！很棒棒的！
22,颜色很喜欢 高大上的感觉速度很快还没开始用 用后再来评论用后评论美观 相信这个牌子  安全第一特别喜欢  618活动也是相当给力，安装师傅很专业，接了掉线 打眼配有塑料袋接灰尘 全程很贴心，很周到，服务到位，货到了就有人联系给安装，网购真是省心省力关键是还省钱  喜欢 会一如既往支持京东
23,造型美观，颜色新颖靓丽，金色显得上档次。加热速度快，尤其是全胆加热时，速度很快，保温效果非常棒。介绍是是一天不到一度电，我用用看看再说吧，再来个追评。温度控制效果好，加热也挺迅速的，两三个人连着洗，没问题。也挺不错的。
24,颜色非常优雅 整体非常美观非常迅速 整胆半胆都挺快一级能效 相比其他热水器确实省电足够两三个人洗浴 史密斯老牌子了 质量真的杠杠滴 安装的师傅也非常专业 服务态度也很好 大厂家就是不一样  热水器操作非常简单方便 总的来说那是相当的不错 哈哈哈 祝史密斯生意兴隆
25,外观外形金色，十分大气，看起来很好看。金圭内胆应该是挺耐用的，可以预约加热，加热速度也很快，非常方便。60升的四口之家就够用了。总体不错，值得入手！
26,买了两个史密斯的热水器，都选了金色的，看起来更大气上档次，安装师傅上门安装很专业，配件要收费，最后会给一个服务单，同时也是保修单。看起来很好，家里装修还没结束，真正用要明年了，不过相信史密斯的品质，保质期八年
27,很精致，颜色等方面都很喜欢，屏幕触感很好，质量让人放心。体验了，两天，真的不错。
28,外观非常漂亮，实物比图片更好看，父母也挺喜欢加热很快，由于换房子，之前就用的史密斯，方的那种，这个比之前的还快，而且能加热到80度了，这点很好，刚安装没多久，还不知道，我开的是半胆刚安装第一天家里人就都冲了凉，水量没有明显变化让我最意外的是现在的水阀比之前有了很大的更新，之前的是圆形的，特别土的那种，现在是方的，更有科技感，很美观，最重要的是史密斯自己家产的。排水管也有更新，固定在墙上了，比起以前买的时候，用塑料胶带粘好多了，越来越完美了，在这里重点提一下给我安装的师傅，人非常的好，对我提出来的问题，给我满意的回答，而且还出了一些好主意。家里安装电视还帮我打了孔，免费的，说举手之劳。感谢?，
29,外观特别漂亮大气，是我喜欢的颜色样式，加热速度快，耗能少，省电，安装师傅特别好，从外地过来特意帮助安装，安装细节精美，收费合理，工作认真负责，客服服务态度也很好，耐心解答疑问，送货速度快，给安装师傅和快递小哥点赞，下次还会光临
30,大方美观很快应该是很省电的很喜欢，大品牌值得信赖
31,ao史密斯专业做热水器，送货快，当天下单转天到达家里所有的电器几乎都是在京东上购买！售后安装服务到位，安装师傅服务态度好，干活非常麻利，安装完毕有详细的使用讲解！送装服务非常到位，非常满意的一次购物！！
32,外观颜色很大气，看起来很高档的感觉，对比家中以前的热水器，史密斯的同等容积的会厚很多，安装师傅说是史密斯保温层做的厚，不得不说史密斯的用料还是很扎实的加热速度非常快，基本上半个多小时就能从18度加热到50度左右这个热水器分整桶加热和半桶加热，非常节能史密斯的安装师傅安装非常快，管路接口做的很细致，服务态度特别好，用的每一项材料都有清单，都可以查询得到，给史密斯点赞，给京东点赞！
33,这个热水器的颜值真的好高啊！香槟色的好漂亮！很有科技感！和我家灰色的墙砖很搭！安装师傅服务态度很好！安装专业！收费提前告知！透明化！还详细的告诉我怎样使用！这次在京东购物十分愉快！
34,师傅很专业，态度特别好。热水器也不错，刚试了下，加热快，出水率也很好，水温控制稳定，功能很齐全，操作简单快捷高效，显示屏清晰明了，能用一个世纪看来是真的。师傅安装完成还教了如何使用，还帮助清理了卫生，全5星推荐好评！
35,美观整胆水约50分钟，很快。一级30分钟，感谢安装师傅，周末加班安装，史密斯安装师傅工作专业性强，打孔用塑料袋连接墙体，整个安装过程干净，服务周到。
36,特别高端大气上档次目前还在使用中个头不算大 安装上看起来很好看安装师傅也特别的热情、专业、解答客户的一切问题，活干的很漂亮！材料价格透明、工艺高超！美中不足的是有一些运损、还好是背面、硌了个小坑，应该不影响使用、安装上看不出来，使用问题后续再看
37,香槟金色颜色很漂亮，大气！！！加热很好，一下子温度就上去了。温度保持也很好，一个人洗完温度都没降低，我想同时洗个几个人温度肯定也不带变低的。暂时还不知道，等时间用长了慢慢就知道了吧。一次二十分几分钟和小鲸鱼连起来非常好用
38,大气美观迅速精准能耗低的超出想象  特殊提出表扬客服，耐心细致为我解答疑惑，非常热心的根据我提供的尺寸为我提供款式，非常感谢。
39,外观高端大气上档次，颜色我非常喜欢加热声音很小，速度很快非常节能
40,家里想买热水器看了 AO 史密斯！（之前就对这个牌子有了解！）选择到京东上看看！这款性价比超高下单后很快机器就送到了！外观看上去绝对的高大尚！媳妇也特别满意！联系客服安装服务也非常好！超高效率的给我安排安装师傅上门安装！安装师傅的服务更是堪称完美！工作非常认真，施工时工具摆放那叫一个干净整洁！尤其是安装时每个细节处理的非常细致！还有详细耐心的使用讲解！绝对完美！所以总体评价就是产品完美！服务完美！安装师傅完美！
41,金色外观尽显高大上，LED高清数显大触屏，人性化设计操作更方便。一级能效，更省电.安装师傅技术娴熟、专业，服务好，给老人讲解认真仔细。618购物超级划算，还有赠品。小京鱼APP智能操控预约，省心省事更省事。
42,货到了 ?颜色也太高大上了吧 低调中带入奢华 赶上活动买的 性价比很高质量没得说 安装师傅准时到达 细心讲解 安装手法精确熟练 一次很满意的购物之旅
43,美观大方，精致有特色一级能效，省电！加热很快，十分钟可以到35度！一般二十分钟左右，可以多人使用，应该可以三到四人用。现在买热水器都是买大牌子有信用可靠性，在参考多款后最后买了史密斯牌子，后续再跟进使用情况！！
44,冯师傅 上门安装时 统一着装 出示上岗证 提前**交流 安装及时 干活麻利 安装的结实稳固 临走还把垃圾清理干净！！！非常好评！！！
45,这是一款性价比超高的热水器，经济实惠，外观简洁大方，买的60L的，基本够三口之家用了。对于史密斯还是很信任的，换了几次房子，每次都选择史密斯，从服务到质量，从来没有让人失望过！安装很快，安装师傅很有礼貌也很负责，试过效果，加热很快，没有噪音。618活动还赠送了智能小鲸鱼?，很可爱，可以智能操作，感觉很惊喜！
46,美观、高端、大气、上档次我喜欢，性价比高，和房屋专修很搭配和说明一样快，省时，省电，省心省电、方便、快捷、可以远程遥控，比想象中性价比高，很实用储存水量足够一家三口用，不用担心热水量。比较满意的一款家用电器。
47,外观很漂亮，高端大气，加热速度也很快外观很漂亮，现在是最流行的款，加热速度也特别快，还特别省电，其余的时间水温特别长，洗的时间比以前长了不少，这个牌子价位，各方面都特别合理，特别满意，这次购买
48,个人比较喜欢这种颜色，感觉比白色强很多！！今天安装完了还没使用呢！ 安装师傅服务态度很好，跟我一一讲解！
49,机器很好，价格也便宜，送货安装很快，很规范，尤其安装师傅干活细致，还教我如何使用，真的很赞！
50,容量大 外表美观 节能省电 适合家人使用 卖家服务态度很好 价格合理
51,一直相信史密斯的质量，质量没的说相信一直会很好，安装小哥也非常的好，超级棒，预约完就立马来电话问地址在哪，下午就安装上了，态度很好，超级棒，各种告诉使用详情，注意事项等&hellip;&hellip;再次强调相信史密斯售后以及安装服务，超级棒，以后热水器之认史密斯！！
52,好
53,还没有用，用后追加评价。家里装修刚刚安装好，彩晶系列相比于传统款更漂亮，搭配现代风格、北欧风、轻奢风都可以，很百搭。不是俗气的土豪金是磨砂质感的金色，看起来特别洋气，还可以搭配app使用，不过还没试～。^_^。已经安装好了期待新家！
54,师傅安装及时，态度很好，还教我怎么样操作，使用，热水器加热很快，不错
55,安转师傅上门准时，服务态度很好，打眼时做了防尘，完成以后还做了清洁，很满意。时尚美观，很漂亮                        挺快的           一级能耗           还没试，刚装完
56,非常漂亮的颜色。高大上的 贵气。非常喜欢。一直信赖史密斯的品牌。机器质量好。安装师傅服务态度非常好感谢史密斯热水器这下洗碗洗脸都有热水了。不用在沾凉水了。 下单还有惊喜礼品。真好
57,安装师傅服务很好，施工过程标准，态度热情外观好看，颜色和图片一样没有误差，很喜欢。加热速度很快，还可以预约烧水，很方便。功耗很低，省电实用。洗浴时间够用，两个人没问题。速热功能很好，单人时可以加快烧水，节约时间。
58,今天刚刚买的热水器到了，师傅准时到家中安装，服务态度热情，安装的很仔细，手法娴熟还很快，让我感到十分满意
59,形外观：大气上档次，漂亮。装满水很快，有满胆和半胆选择键，还有预约热水时间，很方便，省电节能技术可以供一家5口人使用。预约和节能技术还有金圭胆，减少水垢堆积。健康环保
60,外形好看高档，质量不错不愧是大牌子，使用感受就是很好。连带着花洒的水也变大了，手机智能遥控可以随时预约很方便适合上班族。
61,简单大方非常迅速超低消耗持久耐用
62,这款热水功能强大，可以半胆，整胆分开加热，触摸屏，预约功能，客服特别好，礼貌热情，耐心细致的解答了以旧换新怎么操作，秒杀购入的，价格特别优惠，送货安装快捷便利，选用材料正规，收费合理，安全可靠。外观大气，高档。
63,配送员一口气给扛到四楼 感谢快递小哥 辛苦了。今下午已安装完成 安装师傅安装美观到位！不仅详细介绍了其使用方法 还主动把卫生打扫了。大赞！这款热水器款式好看 外观大气。加热速度快 耗电量一天仅仅0.6度 非常满意！
64,很喜欢，个人感觉比白色更好看。安装人员非常好，认真询问了各种要求，配件也使用了史密斯的，质量更好。大屏控制，时尚方便。六月一号买的，618活动，性价比很高，很合适。总体来说很满意售后也方便，希望能好用?
65,外型很酷加热非常快，刚开始使用，耗电还不知道刚安装上，应该很快的吧物流真的太快了，安装师傅货一到马上就来安装，技术态度都很好
66,香槟金？很漂亮，时尚，史密斯，品牌一流，产品一流。速度很快。洗了半个钟只洗了一格水，温度还是65（个人设定就是65）能耗没看，应该不会很费电。一级能耗。
67,特别好的史密斯电视，大品牌值得信赖，结婚的时候买的就是史密斯，爸妈家也都用的这个牌子，现在换了大房子，选了很久，还是决定买史密斯，特别安全，水箱也大，烧好以后够全家用的～质量好，价格便宜，特别好，.好评！
68,非常漂亮大方。非常超快，温度又高。好。一家三口可以用。非常好的一款热水器，漂亮大方，京东送货快，服务态度好，安装师傅专业性强，服务态度好，希望京东越来越好。
69,挺快的.60L够用哑光外壳很好看，高端大气上档次还可以一个半小时左右，洗澡前设定水温60℃，洗完基本没变，加热速度很快用了一段时间才来评价，物流很快，预约安装方便迅速。连接上手机控制水温方便。非常满意
70,美观大气 上档次  颜值爆表加热速度快  保温效果好半胆全胆  省电省时
71,新房装修首先想到的就是买史密斯热水器！新款智能的，省水省电节能保温特别好11月1号拍的2号就送到了还包安装，安装师傅****态度真的很好。买热水器还是大牌史密斯的好。买的放心
72,外形外观十分满意，香槟色非常好看，电脑数控板很有科技感。加热速度很快，操作也十分方便，非常静音，加热的时候都听不到。超厚的保温层有效地避免了过多的热量损失，款产品是一级能耗的，加热效率很高。洗浴时开整胆和增容，估计满足四人淋浴不成问题。
73,美观大气上档次快速节能环保快速特别好家里热水器突然坏了 赶紧买一台 好几天没洗澡了 一直认可ao史密斯，回来试试 Wi-Fi功能如何。现在美观大方上档次，希望能用个十几年哈哈。家里电器都是土豪金的 不错不错。
74,外观漂亮，颜色时尚，加热迅速，操作简便易行，很好的一款热水器！
75,香槟金看着颜色非常漂亮安装了十多分钟就54℃了一级耗能应该还可以
76,热水器真的是好好看呀，颜色美，外观也美。另外功能还多，可以用手机调水温的功能真是太方便了，价钱也合理，性价比绝对的高。史密斯是专业做热水器起家的，感觉买热水器就还是得买史密斯，毕竟术业有专攻嘛。等搬家回头再来追评一下耗能情况和洗浴时间等问题。
77,很快！美观大方原来用的史密斯的，15年了，换的这个，质量还是信得过的，安装很快，配件把原来的换了，换了个防水插座，花了总共400，赠送的东西不少，毛巾纯棉的很柔软，小京鱼还挺好玩的，陪小孩子玩挺有意思的，还可以通过它实现语音遥控功能
78,热水器很好，加热很快，使用也方便易学，还可以半胆加热，很满意，安装师傅安装的也很好，
79,比前些年买的合适多了，加量不加价，热水器美观大方，加热效率高，再也不怕冬天水凉了。京东送货超级效率，年货节送的礼品很多，赞一个，继续支持京东，支持史密斯。
80,颜色哑金色，很低调。AO史密斯的品质，还是比较信赖的。因为多年前爸爸妈妈买的就是史密斯的热水器。装师傅特别给力，专业而且服务态度好！我家卫生间有塑料型材吊顶，预留的空间不好安装，安装师傅费了许多时间和精力想办法装好了，又恢复原状。给个大大的好评！！！智能模式，登录小京鱼APP可以预约加热时间。省电又方便 安心！
81,东西很好，安装人员特别负责，管子安装很整齐。给清理的很干净。我这个安装人员很符合我的强迫症。可以下载APP使用。APP希望增加每日定时加热功能。很不容易，第一次写这么多，因为产品确实好，还会推荐别人购买。
82,热水器首选就选史密斯的，大品牌，产品质量和售后都有保障，一级能效，节能省电，配套的一体式防水插座，安心，安全，值得信赖！外观高大上，显示屏清晰明了，操作简单快捷。安装师傅很专业，安装速度很快，态度也很好，每项安装和如何操作都讲得很清楚，最后安装完成后，还清理了卫生！全五星好评！！
83,大气美观时尚感十足刚刚安装好在逐步升温中一级能耗比原先旧的热水器多20L，每次应该够2-3人安装师傅非常专业，从拆卸到安装技术熟练，介绍功能简洁明了，给安装师傅好评。
84,家里正装修，从到货到安装一个字，快！两个字，专业！热水器对史密斯这个牌子认识度还是很高的，赠送了小京鱼音响，可以连接家电进行语音控制，方便，同时家里增加了科技感，安装费500+，用的材料史密斯专用带字样，总之很满意！推荐！
85,外观简约时尚，而且非常高大上。加热速度非常快。因为目前是夏天，使用热水的需求并不大，但开机几分钟，60升的机就加热到40度了，这么多很快。我是专门挑了这一款低耗能的。出水快，出水量大。淋浴非常舒服。默默地观察这款机已经大半年了，一直在等他降价，但价格一直都十分平稳，没怎么降过。趁着618居然让我抢到大优惠。真是太值了。而且史密斯大品牌，值得信赖。服务周到，安装妥帖。
86,漂亮大方，简约时尚关注这款史密斯热水器有两个月了，就等一个合适的机会下手。618活动很给力，平时最优惠也就是2298加赠AI音箱，这次618活动，先是前50名下单免500，后来玩疯了，居然一件6折还赠AI音箱，618当天下午就送货上门，隔天安装工程师主动联系预约上门安装，省心省力又省钱，还要什么自行车？
87,师傅很热情.热水器很高大上，为了后续安全做了棚顶吊架，热水快，70度开始洗澡，洗了澡出来70度一度没掉。厉害厉害.过段时间再来追评。活动期间免一百材料费很划算。送了欧乐b牙刷.
88,外观很漂亮，安装师傅很专业，相关收费很透明，价格合理，安完师傅给详细讲解使用规则，安装完把垃圾收拾好，是之前还很担心在网上买行不行，但经过今天的体验，这是一次很好的京东购物，目前还没有使用，等用一段时间再追加使用体验评价。
89,漂亮，美观，大方，非常好*热速度：*热很快，用的半胆*热模式，差不多就是半个**就可以洗澡了
90,大方，白色的老化后容易发黄，所以这个颜色一直可以保持两个加棒，热洗澡时可以一起加热，平时一只加热，更节能。双加热，洗澡模式后很快热。安装小哥非常专业，也态度好，拆旧的，装新的，老配件能用的尽量的给用上，为客户节约成本。
91,史密斯的这款热水器颜值很高，大气，加热速度也很快，08年买的第一台热水器就是史密斯的，用了12年出水量大，热的特别快，最重要质量好，10多年一次也没坏过，这次搬新家看京东有活动直接订购了这台高颜值的热水器。
92,用了很多年了，安装小哥细心，手艺超级棒，大牌子值得信赖。安装完了小哥还把地面卫生收拾了，感谢！
93,热水器安装好了，大品牌的东西就是好，服务也好，安装师傅安的很认真，还帮忙把水管里的水泥清理了，京东还提前打电话通知我，帮我改了新地址，服务就是好，好评！特别感谢安装师傅，辛苦安装师傅了！好评！好评！好评！
94,外形漂亮，安装师傅非常专业，敬业，安装一上午，真的很辛苦，史密斯电热水器，值得信赖。
95,正在装修中还没来的急安装 派送师傅服务态度很好  客服服务态度也很好 我问了客服好多 都耐心解答 刚打开看了一下家人都很喜欢 外观大气上档次 活动期间买的很划算 很喜欢 过两天就可以给安装师傅打电话上门安装啦
96,漂亮大方  满意的很家人说挺好用的一级能效真棒还可以连接wifi  叮咚控制  科技感十足
97,外形好看，在史密斯的品牌当中，属于质优价廉款。加热速度很快，液晶显示很明确，洗澡时候知道用了多少水，尤其冬天用起来不担心热水够不够用。幸好年前买了，安装师傅安装也非常快，年后解决了洗澡用热水的@烦。
98,外观超级漂亮，而且省空间，香槟色非常好看的一款，真的值得购买加热速度很快，就是一边洗着一边就能加热到你想要的温度可以半胆可以整胆加热，很实用可以半胆，一天24小时开着也没发现费电物流很快，超乎想象的快，刚收到货第二天一早就安装好了，比实体店还要快，价格还比实体店便宜好多，客服也很热情
99,商品颜值很高！尤其金色有种高大上的感觉，功能也很齐全，双棒设计更加人性化！
100,即便是618到货也是非常的快，转天就安装上了，安装师傅也很专业。热水器很好用，之前用的就是史密斯，十多年了，一直很好用，值得信任。这次搬家之后首选的依然是史密斯，加热速度很快，一家三口人洗澡都没有问题。
101,安装非常专业，到达非常准时，细心，幽默、技术过硬.下次还买热水器还买史密斯热水器. 热水器外观非常高档 为史密斯点赞??
102,各方面性价比都很好，很合适，加热快，手机也能远程操控，真是太方便了，上门安装师傅特别负责，认真，箱子我都没舍得扔，给自家猫掏了窝哈哈哈哈哈
103,赞
104,史密斯的热水器果然高端大气上档次，出水快、温度控制适中，一家4口买60L的完全够用，平均每人洗澡15-20分钟，水温依然保持在适当的水平，购买是我今年最值得的产品，家里原来旧的西门子热水器完全无法比！
105,京东物流速度很快，活动价格给力，房子还在装修，暂时还没有安装，物品包装结实，包装外观没有破损。史密斯热水器里面的老品牌了，以前家里用的就是这个品牌的热水器，加热速度快，保温效果好，能耗可以接受，重要的是质量好，用了很多年了没有一点问题。
106,送货速度快  大品牌值得信赖  加热速度快 出水量大显示屏美观清晰  操作简单  安装师傅非常专业  态度很好  非常满意
107,安装师傅很专业很热情，态度很好，安装水平也很高，热水器操作也很简单，很方便。
108,热水器外观非常漂亮，简洁时尚，土豪金的颜色，我非常喜欢。刚安装上，还没有测试加热的速度，3000瓦的双棒加热速度应该会比较快(?O?)一级能耗应该比较省电吧，刚开始用还不清楚具体的能耗能洗两三个人吧！师傅安装的非常到位，不仅安装技术非常好，认真负责，安装前费用讲解清楚，安装完以后卫生打扫仔细认真，赞一个。
109,外观非常喜欢，颜色也很时尚，外观大气加热速度很快安装师傅态度非常好，非常负责任
110,非常好的师傅！很细心，干活麻利，技术好。今天没电不能试热水器，改天师傅再来给测试。
111,加热速度挺快的，安装师傅很热情，服务很到位，还特意交了使用步骤，能供一家人用没问题，节能省电，及时预约洗浴，超级省心
112,很值得购买，送了毛巾和厨宝十分超值了。加热好快，可以手机控制，而且可选半缸水加热，不用浪费电。使用起来十分满意，客服也好到位值得称赞。安装也很好。
113,已经是第二款AO史密斯热水器了，服务好，也耐用，安装师傅刘占强师傅服务超级棒，各种问题解答和建议，很赞！
114,外观美观大方，颜色高档，加热速度快，还有预约功能，物流特别快，当天就送到了，安装师傅服务特别好，信赖史密斯！
115,单筒加热，双筒加热，很方便，随便用哪种模式外观大气漂亮?
116,外观好看，时尚简约大气安装服务：安装师傅安装的十分细心，管道设计完美，服务十分满意。卫生都给打扫了。加热速度应该还可以，而且还有增容模式智能app控制感觉不错暂时还不清楚，等追评再说暂不清楚，需等使用后才知道
117,不错 很好看东西运送得很快，安装师傅服务到位～之前家里就是史密斯了，之前的用了15年坏掉了，这次换了个新的，赶上活动还挺合适的～
118,海尔热水器，金色外观非常喜欢，是我喜欢的颜色，买上师傅安装很专业，安装上之后插电试了一下加热感觉也速度快，用了几次感觉用电也很节省，不愧为一级能效，洗浴也够用我们一家三口都用不了啊，超给力啊，很满意的一次购物！
119,非常好，安装师傅热情细心，给弄的特别干净，人也很好。第一次在京东买热水器，选择史密斯不会错。热水器很好用，热水很快。
120,十年前买的史密斯现在还是使用正常，所以这次父母家装修又选择了史密斯，外观高大上，师傅上门及时，态度认真，安装打孔时卫生服务做的很好！
121,外形和颜色都很好看，还没有使用，之前买过同款，亲属家里要装修，换新的，推荐买了这个史密斯牌子，对于热水器来说，史密斯很值得信赖！
122,高端大气上档次，加热速度快。手机和语音控制简直是太方便了，
123,外观高大上，尺寸刚好，师傅态度非常好?，耐心教使用，加热速度快，很不错的一款热水器
124,经典，好看，物流很快，安装很快，师傅很专业，服务好，在这个非常时期，师傅能上门安装，五星好评加热速度快
125,A O 史密斯热水器，真不愧是大品牌，从产品本身的质量到售后服务都是超出想象的棒！?? 外观高大上、加热速度快，水量充足，够全家人使用，安装师傅很专业，大品牌值得信赖！会推荐给周围的朋友。京东的家电值得购买！
126,外观很好看，加热速度也快，水的容量足够用了，手机能控制很方便，特别喜欢，
127,师傅很好心细，安装很快，态度很好！热水器容量很大，外观很大气，屏幕显示很清晰！出水量很好，节能高效！棒
128,刚刚装完，没有启用，使用后再评价；机器外观高大上，安装师傅安装专业水准一流，服务周到，讲解细心，百问不厌，细节决定成败，大品牌，值得信赖！
129,售后服务非常好，一次又一次跟我预约安装时间。热水器颜值非常高，加热速度很快。安装师傅认真负责，安完之后仔细地给我讲解各种按钮的使用方法，对我这种电器小白的提问也都耐心解答，让我受益匪浅。
130,第一次在京东上买东西，选的史密斯的热水器，非常好看，高端，颜色很喜欢，安装师傅的态度很好，技术也好，很熟练，安出来特别好看，比想象的要好看很多，非常满意的一次购物，京东值得信赖，史密斯热水器也值得购买。非常满意的一次购物
131,银面，大气银灰色，显的很高档很快，还可以有预约加热功能比较省电了还没开始用，按介绍说一家三口是没问题的很相信这个品牌，所在地区水质不太好，为避免以后不必要的水垢，增加了一个水垢过滤器，以后使用之后才知道效果智能预约，大品牌，值得信赖
132,师傅安装技术高超   态度特别好  热水器容量大   加热快节能高效  师傅安装完成还教我们如何使用   还帮忙清理了卫生   全部5星好评
133,安装师傅很专业，服务态度好，讲解仔细，弄完了把垃圾带走了。
134,外观简单大气，外形传统，很时尚的颜色。省电，节能，可以半胆加热是非常好的功能包装非常结实，送货速度快，送货师傅也是十分给力。特别推荐大家购买这款热水器。618活动力度确实是大大的。良心卖家加热速度快，并且省电
135,不愧是大品牌，外观非常大气上档次，加热特别快，可以选择半胆及全胆加热，超级省电。安装师傅非常有责任心，安装仔细，值得点赞
136,外观很好看，这个颜色看着就大气。一级能效很省电，现在天天洗澡也不用担心电费的问题了。可以连接小鲸鱼APP，还可以手机远程预约，到家就有热水，真的很好。史密斯大品牌值得信赖。提前一天预约，免费上门安装。安装师傅很专业，服务很好。
137,"形外观：外观是没得说，和店里同款，
史密斯的安装售后很满意，安装到位，价格透明，质量好，比美的的强多了，双十一优惠很大，也是熬夜抢到的，赠品也很好，以后还会选择史密斯，
加热速度挺快，
一级能耗，
俩个人洗没问题"
138,史密斯热水器很好的品牌，外观漂亮，大气，上档次。加热速度快，分半胆和全胆加热，耗电少，值得信赖。
139,这款热水器功能很全，智能速热，可以半胆、整胆，安装师傅也很热心，很满意的一次购物。
140,外观是金属的颜色 很喜欢快递很快当天下午下单 第二天上午就到了 这点京东一直很厉害安装师傅在到货的第二天就给上门安装了 安装位置很满意 师傅很专业 安装费有点小贵 能免费安装就好了
141,外形颜色时尚简约，美观大方，轻奢质感十足，家里人都喜欢，大气十足加热速度符合产品介绍，即热，而且核心技术有效提升水质和防止水垢精简能耗，有效省电更安心洗浴时间长久，热水加热后可以满足家里多种人员需求安装师傅耐心负责，可以很自信的帮助解决家里安装的个性话问题，加上整个活动购买，优惠十足，好评
142,符合我家轻奢风格安装完毕一会就热满足家人需要师傅特别有礼貌  讲解细致  做了简单的卫生 很不错 不愧为大品牌
143,加热速度很快，加热10度不到10来分钟就到了外观很漂亮，相当的赞可以用app控制温度，预约时间，相当不错，安装的师傅态度很好，本来担心吊顶高度不够，结果也帮我安装的好好的，很不错。
144,机器很漂亮，显得浴室干净整洁有全胆和半胆模式，省电好用速度很快还有增容模式安装师傅业务娴熟，安装专业，安装之前排除接地线问题等，给我许多建议，热水器阀门用最短线路节省材料，非常满意！
145,非常专业  特殊时期 还能来服务 实在是感激  热水器业很好 高端大气上档次  售后比格林姆斯好太多
146,这是买的第二台同样的热水器，外观美貌，智能方便，用手机直接操作，不管你在何时何地，都可以调控热水器。加热速度很快，保温效果也很好，一家三口60升足够了，但是为了方便，还是两个卫生间都备了一台热水器，史密斯热水器确实不错！
147,加热速度特别快 特别节能 外观大气百搭
148,非常高大上还行，比我以前的老机子要好才装，等用一段时间再追加评论出水挺快的，优秀有小鲸鱼的APP可以用音箱开热水器，以后老妈也可自己开热水器了安装师傅态度非常好?
149,镜面触碰.高端大气上档次.618活动还赠送了京东鱼智能操控.很方便加热速度快省时省电预约上门安装.师傅很准时很准业.服务态度很好.很辛苦.有效率.很快就安装调试机器.耐心的说明机器操作的方法.很感谢安装师傅
150,外观高大尚，使用起来很方便，特别感谢安装师傅，在很小的空间内帮我们安装的特别完美，给师傅赞一个！
151,金色的，外观很好看漂亮大方挺典雅的比白色的好看，屏幕看着很新颖。还没试用过，双管加热估计会很快，有点担心电线不行功率有点强啊。估计几分钟就烧开了。还没用过，写着一级能效。大概省电的，烧的快，估计么不会很省。多搓搓就时间长，冲个澡涮一涮那就短呗，一家三口省点用应该够了。音响还没到，据说还能手机联网能提前设置??，师傅安装也很快工作认真负责。迅速
152,加热速度快热效率高，还可以通过手机远程打开热水器或者直接叫小鲸鱼打开热水器，非常方便，
153,师傅安装技术特别好，装完美观，师傅态度和善，手把手教我们使用方法，教我们如何省电。史密斯大品牌，质量杠杠滴。
154,安装工特别棒！来的也特别及时昨天刚收到热水器今天就来安装了服务特别到位?? 外观时尚 极其适合！
155,外观很大器，很好看的一款电热水器速热功能我比较喜欢一般调到半胆加热功能，还是够用首先要感谢安装师傅，随热水器配来的膨胀螺丝太短了，他送了一套长的给我，还教我怎么使用，大品牌的服务真的很好，很满意的一次购物！
156,史密斯热水器大品牌值得购买，加热快噪音小，出水稳定洗浴时间长，app手机控制操作简单，一级能耗非常省电。外观晶彩设计，大屏数控非常不错。安装师傅非常专业态度太好了。
157,颜色好看?高级一级能效心怡这款好久，活动很合适 还有赠品 送货很快，安装师傅超级好 干活漂亮 棒棒哒 感谢
158,外形很大气，疫情期间，安装师傅上门安装服务很好，很细心。
159,香槟色十分大气，是我喜欢的样子加热速度很快，不愧是双加热棒的特别表扬一下史密斯的安装师傅，干活特别利落，安装时间也就一个小时左右，感谢师傅。
160,非常时尚，金色的，很好看，大小刚刚好安装师傅很敬业，也很专业夏天基本上即插即用，很省电
161,热水器很棒，安装师傅准时到达，特有耐心，细节做的都很好，装的也很漂亮
162,漂亮非常快应该不会很高颜色很漂亮！安装师傅很贴心，介绍很到位！
163,金色的漂亮很快一级能效，应该很省电还没洗，但根据安装师傅的介绍，可以用很长时间增容
164,这次是旧换新，史密斯安装袁师傅非常用心，按装的非常到位！很辛苦！热水器款式很喜欢！非常满意！一直选择史密斯！
165,设计漂亮能耗较低加热速度较快，配送服务很贴心到位
166,外观时尚潮流，黄金色的配色也非常好看加热速度很快，多个模式可选鲸鱼app很不错
167,比之前某品牌热水器好得多。家人很满意。最惊喜的服务真的很到位，预约前电联，安装前电联，安装完电联，二次确定服务质量电联。外观能接受，我发几个图感受一下吧。家用够了没试过满载负荷一直洗什么样，感觉三四个人应该没问题。
168,很漂亮，没有色差。很快。很节能，一天只要一度电。物流也很快。性价比确实很高。安装师傅不错很专业。
169,加热速度的确杠杠的！质量放心，价格实惠！外挂是我最满意的一款，漂亮又不失时尚，我的一直期待半胆，低能耗也是我的生活习惯追求
170,大品牌、多项领先技术、热水输出率85%，高于其他品牌。香槟色高档色。第一天买第二天到货第三天就可以安装，非常迅速。安装师傅李春辉提前打电话预约安装，守时态度好。安装过程中主动介绍情况，征求户主意见，安装位置板板正正，很美观。安装后清理，将旧热水器拿到楼下。对李师傅的工作很满意，整个过程很满意！
171,热水器很好，功能强大，半胆整胆分开加热，触摸屏，预约功能，安装师傅服务态度特别好。
172,大气漂亮超级快1级能耗无敌大爱这个热水器真是精品啊，外观美的没话说，颜色更是深得我心，看着就赏心悦目，再说物流，更是速度和专业，接下来要隆重表扬一下安装小哥哥，太专业了，干练，速度，无可挑剔，必须赞一下?
173,不错 安装师傅认真负责任 机器外观太漂亮了 还是智能机器 太棒了 听说机器节能 六十升 这下家人洗澡热水够用了 送货特别快 更改的送货日期 没想到真给按时送货了 安装师傅按时上门安装 太好了
174,服务很好，安装到位，值得回购。包装完整，外观也很漂亮，送货前电话联系，服务很到位！人少的时候可以半箱水加热，省电又方便，这个设计很不错！因为可以分区使用，所有耗电量不大一个人用的情况下，半桶水都用不完安装师傅服务到位，这个品牌的热水器以后还会买！
175,快递特别快 前一天晚上买的第二天就到了 颜色也挺好看的 装热水器的师傅态度也很好 很棒
176,史密斯真的很棒，外形美观，特别高端大气上档次，没有选错品牌，安装师傅也特别负责，特别版正，安装后还给清理擦干净，一百个赞?。
177,京东物流没的说，跟师傅预约的今天上门安装，师傅服务态度很好！提出的要求也都能满足！额外花钱的地方说的很清楚！5颗星
178,本来想买白色，看见这款果断下单，颜色高端，款式新兴，外观非常满意！加热速度快，双管加热，分全胆半胆，性价比高！一级效能，等后续用一段时间再来追评！60L正好合适！卖家发货及时，物流很快，当天就收到了，安装师傅及时安装，很细心，给安装师傅个赞，总体体验很满意！
179,热水器颜值很高 很喜欢 安装师傅很热情 也很认真 很快就装好了 因为自家电路问题 还让安装师傅跑了两趟 安装完毕还进行了操作讲解  很感谢
180,史密斯热水器果然是大品牌，安装师傅上门非常准时，材料使用先做了预算，安装师傅技术过硬，并且指导使用，还提示了注意事项，全程带了口罩和手套，非常满意的体验了史密斯的一次服务。
181,外观精美，质量不错还没有去试，大品牌我信任一级能效，应该不会很耗电吧原来40升都够用，现在60升，可以洗的爽爽的了快递很快，第二天就送过来了，还有安装师傅态度也很好，很不错。京东服务，我信赖！老会员了！
182,以前用的热水器已经20年了，加热速度，效率已经不行了，赶上活动买了这个热水器，价格合适，加热速度很快，两个人洗足够用，自我感觉耗电也不多，总之很满意，价格也比店里的线下款合适，安装师傅专业，没有乱收费的情况！好评！！！
183,"热水器首先外形非常漂亮和我们家的砖很匹配.显示屏很大气.安装师傅专业,热情，安装时有说有笑，逢问必答.有赠送的材料补贴后，安装很便宜，图二是非常喜欢的史密斯热水器专用防水盒,属于买个心安，以后洗澡不用把插销了.加热速度很快 ，一般我们家订在45/55&deg;左右就可以 ，最近一次使用时，加热速度很快 到45&deg;后泄压阀开始泄压 滴滴滴的滴水，如果没有泄压阀滴水的声音就好了，但这也无法避免,为了安全."
184,师傅服务非常专业，按照约定时间很快就给装好了，态度非常棒，旧机拆的很完美，还耐心教功能使用，非常完美的一次购物，我们对史密斯品牌非常认可，这会客户愉快度过夏天啦。
185,师傅很专业，态度特别好，热水也很好，很喜欢，样式新颖，功能很齐全，操作简单快捷高效，显示屏轻易明了，师傅安装完成还教了如何使用，还帮助清理了卫生，全五星推荐，好评！购物选京东，买热水器选史密斯！
186,很好?颜色很高大上很快一级能效非常省电一家三口没问题
187,安装师傅很准时，不到一个小时就装好了，还打扫干净卫生。好评。。又，产品也不错
188,外观很时尚，非常好看。区别于以往的白色。使史密斯更加得到大家的喜爱。一直信任史密斯的专业及不断的迭代。加热速度快，非常人性化。安装师傅准时，专业，麻利，清理，拆卸，安装都非常麻利专业。?
189,精美好看是我钟意的颜色。加热速度较快没一会时间就45℃了。安装师傅很耐心细致的给我装，装好以后还给我卫生搞好垃圾带走。
190,太棒啦，质量真好，做工精细，服务态度也好，颜值太高啦，真好看样式，外包装也是很棒的。
191,加热速度很快，完全不用担心洗到一半没有热水啦！颜色很漂亮
192,加热速度很快，之前家里的洗个澡就到10几度，这个最低到50度，保温效果也很好。外形漂亮颜色好看非常有范
193,史密斯老牌子了、一直也信得过、质量也是棒棒的、而且外观也很大气时尚、发货送货速度特别快、真的是意料之外的、而且安装热水器的两个帅哥技术很专业、很热情、对他们的服务特别满意、
194,非常高端大气上档次，低调奢华有内涵比**速度还快，小鲸鱼智能控制能耗等级非常好热水速度非常好，整体棒棒哒搞活动还给了一大堆东西
195,外观漂亮，双三千w，加热快，送货速度快，零点下单，上午送到家，第二天安装，安装小伙特热情，态度很好。
196,家里的原来有个旧的热水器用了十年内胆漏水了，维修人员称只能换新的，于是赶紧看京东有没有活动，正好有活动就赶紧下手，新款的热水器外观比老款的更为时尚，颜色也比较特别，送货人员和安装人员都很专业，买电器还是会选择京东，方便又快捷
197,家里原来的热水器坏了！马上想到了AO史密斯的牌子！（之前就对这个牌子有了解！）立刻选择到京东上看看！经对比选了这款性价比超高的机型！很快机器就送到了！外观看上去绝对的高大尚！媳妇也特别满意！联系客服安装服务也非常好！超高效率的给我安排安装师傅上门安装！安装师傅的服务更是堪称完美！工作非常认真，施工时工具摆放那叫一个干净整洁！尤其是安装时每个细节处理的非常细致！还有详细耐心的使用讲解！绝对完美！所以总体评价就是产品完美！服务完美！安装师傅完美！
198,非常好 高端大氣上檔次。師傅上門安裝服務也很好。而且安裝完之後還幫忙清潔乾淨了。非常貼心啊
199,外形高端大气又时尚水热速度很快非常节能六十升的家用很不错??
200,包装完好，热水器高大上，功能齐全，升温快。大牌子质量有保证，上一个用了将近20年。安装师傅很尽心，有耐心，服务很到位。以后换热水器只会考虑史密斯。
201,很漂亮，有时尚感安装师傅专业，细致物流速度快，送货态度好完美
202,京东物流就是快，史密斯安装师傅工作积极，现已安装完毕，安装师傅比热水器来的还早，师傅很敬业。安装完汗流浃背，辛苦啦，还耐心讲解使用说明。试了试加热很快，家里几个口都有热水，质量杠杠滴，大牌子值得购买。
203,安装师傅很有耐心，外观很高大上，操作简单，容量大，很高科技，可以连语音控制，满意
204,颜色非常漂亮，很大气，目前还未测试，看性能足够使用节能型产品很适合家里使用还没测试，60升估计一家子足够了师傅安装服务都很棒，家里一直使用的史密斯品牌。很好?质量也很有保障
205,外形非常漂亮，颜色也是比较喜欢的，电板超酷，非常方便，主要是可以连小鲸鱼App，加热速度也非常快。是不是加热速度快好难就会少一些呢？洗澡的时长还没有试过。应该不错的。快递非常快，安装之前会打电话非常有效率。
206,机器很棒，关键服务很好，安装师傅很热心，一大早就来了，安装很细心周到，很满意。相信史密斯热水器。
207,可以，漂亮，这个颜色大气挺快，呼呼的安装很快，我加装了一个过滤，为了更让水更干净。安装师傅给安装好了，最后给试电运行，教会使用。还把东西清理干净。十分满意！还送的插头专用插座，是那种可以封闭盖死的，不会进水。
208,外观很大气，很喜欢这个颜色加热速度挺快的，好评?热水气容量很大，显示屏也很清晰，安装师傅也很好，安装也很快，很满意的一次购物，大品牌就是好。
209,热水器很不错，高端大气，是正品，安装师傅也来的快，安的好，很专业
210,热水器制热很快 颜色非常上档次 全家都很满意 喜欢史密斯 安装师傅也很负责
211,简洁大方感觉很快等用过之后再看安装师傅服务态度很好
212,机器非常好，一直信赖史密斯，安装师傅很专业，贴心，赞一个，值得推荐购买。
213,物流快，安装师傅态度好，手工好。热水器加热快，能手机智能控制，远程开机，非常好用。
214,相信大牌，质量非常好，加热特别快，物流也快，安装师傅更没得说，特别热心，叮嘱了一些用热水器的尝试。
215,又一次购买史密斯热水器，这款外观漂亮，大气。物流很棒，第二天就送到，下午安装小哥过来安装。加热速度很快。史密斯热水器值得信赖！
216,很好，很满意，加热速度快，储水量大，完全够一家人使用。
217,朋友介绍的这款热水器，质保八年觉得很有保障，上下两个加热棒，烧水特别快。香槟金，刚端，大气，上档次！大品牌值得信赖！还送了小京鱼音箱，宝贝们很喜欢！发货速度也特别快，两天就送到家了！安装师傅提前联系确认安装时间，准时上门安装，觉得很满意！
218,师傅及时上门，耐心指导，还帮忙把旧的热水器放水拆除，打孔时也特别小心，现场清理的特别干净，还特意嘱咐怎么使用，赞一个，史密斯的服务真是太棒了！
219,安装服务非常好，冯师傅服务态度很好，收费合理，也给出了很多合理建议。产品也很好。
220,买了两台，一如既往的好。加热很快，样式也很好看，耗能很节约，洗浴时间够用，颜色也喜欢。以前就用史密斯，还用了售后，免费清洗，保养，服务人员很专业，****还给耐心讲解，用的耗材也是明码标价，用的很舒心！
221,第二台此型号热水器了！装上效果很棒！比白的普通款好看！能热半桶水，热水器加热的速度还是很快的，能够基本满足我们家的日常用水需要。效能还可以，能够接受。尤其是可以加热半桶水这个设定比较好！洗澡的时候水温保持的不错！很好满足我的基本需求！史密斯是大品牌了！一分钱一分货！能连接手机，随时控制温度，可以更省电！
222,很好看很帅气，就是自己的插座没留好位置，有些遗憾其他都不错，安装师傅很认真，很耐心解答提出的问题，完美
223,给父母换的第二个史密斯热水器了，之前那个旧机用了将近10年，期间也有清洗换过镁棒，这款热水器功能很强大，可以半胆，整胆分开加热，触摸屏，预约功能，可以手机连接，很方便，客服特别好，礼貌热情，送货安装也非常满意
224,外型美观大方，加热很快，宝贝不错
225,颜色很有档次，外观大气加热速度快，一个人洗完澡睡还是很热很智能的一款，建议购买，大品牌有保障
226,高大上一级能耗省电，节约资源安装及时，安装师傅耐心细致
227,AO史密斯热水器值得信赖的大品牌，赶上活动买比商场便宜的太多太多，送货及时，安装速度，这个金色的颜值还特别高，非常喜欢，60L三口人足够了，安装师傅安装速度干净利落，半胆加热平时洗头发洗脸正好不浪费，非常方便
228,与图片一样快前天拍，昨天收到，今天就来安装好了。实物与图片一样漂亮，金属金色，很漂亮，品质没让我失望，安装的师傅技术熟练为人也热情，选史密斯的京东自营旗舰店没错的。以后有需要会再来，也会给新买放的同事们推荐的有良，节电能。
229,颜值很高，美观大气，有档次，师傅安装也很专业，服务态度好试了下加热速度挺快的，高清大屏幕显示，很喜欢
230,热水器小巧便于安装，操作简单，安装专业，非常满意，师傅棒棒哒?
231,机器很好，颜色我喜欢，售后安装服务特别好，京东我信赖
232,大品牌，高端大气，上门师傅也很给力，前期积极主动联系，收到货很快就上门联系安装，好评！后期使用过后再追评！
233,款式非常好看！一会水就热了 安装师傅细致周到 就是材料费太贵 好几百 自己下楼买的材料 师傅也耐心安装了
234,师傅非常专业，全程自己搞定，过程中还不忘穿鞋套，关于材料费计算的清楚，服务态度好，工作认真！
235,完美十来分钟，相当快啊挺省的，差不多就行了半个小时，看着就舒服，以前家里是美的，每次加热水时就像烧开水，那叫唤的，难以忍受，而咱家这个就不一样了，内胆八年包换，终身保修，这简直是龙头企业，服务绝版，以后就认准这家，售后刚刚的
236,外观还是挺酷的！听说可以用手机操控，期待中！京东到货速度确实相当的快！安装邹师傅服务非常不错，安装水平很高，装的非常美观，赞一个！
237,太好了 关键安装师傅 绝对让人满意 产品到完了 但是师傅楼下等了一小时 特别好
238,外观很好，颜色很漂亮！师傅安装很快！服务很好！就是安装费感觉贵了点！?大品牌应该不错的！
239,非常漂亮，显高大尚，相信史密斯的品牌优势，之前的老房子用的史密斯，已经很多年，制热效果一直很好，这次果断选择史密斯品牌！智能控制，更加显高端，我们家以后就认准史密斯！安装师傅非常准时和专业！售后有保障，没有问题！
240,银色大气上档次肉眼可见的升温速度安装很细心
241,收到货感觉包装非常好，货品很干净。安装师傅服务非常好也很专业！非常开心的一次购物，有需要还会回购！
242,宝贝外观很漂亮，今天安装了，服务非常好，安装师傅特别有耐心，安装过程很专业，各方面的知识讲解非常到位，最后还收拾了现场的垃圾，提醒了方方面面的注意项，我们非常满意。选热水器还是要选史密斯，售后服务有保障。小京鱼软件使用起来也特别方便，给你们点赞。颜色很美观，经典外形，加热速度很快，3000W功率，加热很快智能控制，方便实用
243,外观霸气十足啊，之前没听说过史密斯，这次买之前特意查了下。好像史密斯评价还挺不错的，所以买了。收到货后，今天安装成功了。霸气霸气安装小哥上门帮忙安装，很年轻很健谈，帮忙安装了热水器，因为家里有些漏水，安装小哥也很热心的帮忙看了下。超赞的安装小哥，期待这使用过后也会超赞的产品(白天忘了拍了，晚上灯光拍照效果不太好，囧)
244,颜色外观高端大气上档次安装师傅专业认真，在这里要特别感谢李建军师傅，耐心等待，业务特别熟练，安装速度快。史密斯热水器值得信赖。
245,安装师傅态度非常好，非常专业，我们也非常满意！整体的感觉非常不错，跟墙面颜色也很搭配，一进卫生间，热水器给人一种眼前一亮得感觉。
246,AO史密斯热水器，大品牌，值得信赖！可以用手机app调节热水器的温度等，非常智能的一款热水器！最主要的是金圭内胆是史密斯最好最出色的内胆，用户使用也非常放心！今天安装师傅来非常顺利的把热水器安装成功了，服务态度非常好，非常感谢！
247,史密斯热水器，大品牌，安全性能可靠，京东商城优惠力度大，比实体店便宜不少，物流很快，后期师傅上门安装服务好，干活细致。
248,暂时还没有安装，单看外观非常漂亮，这些年家里一直用得史密斯，从来没有出过毛病，这个品牌算是值得信赖的吧，新房装修，先前也看过其他品牌，但一直觉得心里没底，想来想去，最后还是保守起见，继续沿用这个品牌。
249,热水器昨天收到，今天就给安装上了。安装完，使用热水器，它的加热速度也很快。外观非常喜欢，很漂亮，物流很快，安装也很快，服务很好。我给满分！下次买热水器还选史密斯热水器。
250,家里第三 个史密斯热水器，品质一如既往！之前是一个美的热水器，烧水特别慢，现在换了史密斯这款，还能用手机控制，烧水特别快，以后会继续支持史密斯！
251,6.18买的热水器，家里装修没有安装，今天安装打开一看很惊喜，外观漂亮颜值相当高，史密斯的售后好，打电话预约立马安排，和师傅约的时间很准时，由于贴砖的时候没有对墙体加固处理，师傅怕后期出现问题特告知要做加固，管件有清单透明合理，安装速度非常快，很专业，
252,师傅手艺太厉害了，太专业了。而且细节做的很到位。很是热心。
253,小巧，大小尺寸正好，史密斯热水器同事都推荐。期待使用体验，安装师傅也很负责，安装的细致
254,很漂亮很快一级能耗质量做工精致疫情期间，安装师傅准时上门，帮忙拆了旧机器，安装了新的电热水器，经验丰富，态度亲切，给ao史密斯热水器点赞，以后会推荐给其他人。
255,送货速度快 前天买的昨天收到货 今天就来安装了 实物好看 大气 试水一切正常 史密斯的牌子还是可以放心入的 ！ 安装师傅服务态度很好公司收费也合理 点赞
256,这款机子颜色款式都喜欢。京东自营服务态度好，物流快。安装师傅也特别好，安装前一天就和我们联系，我们是自建房，由于这款机子需要地线，安装师傅为了确保我们使用安全，还特意询问是否安装有地线，并仔细询问查看了地线安装情况，确保安全。设计合理，干活细致，认真负责!为他点赞???
257,外观大气，加热速度挺快安装师傅专业，很快就装好了期待使用效果
258,师傅上门准时，服务态度非常好，讲解详细到位，非常满意！热水器也很好，外观大方漂亮，大品牌有保障！京东信得过！
259,热水器质量非常好，发货速度很快。非常幸运地进了前100名，中了个厨宝。以后亲属间有需要的还会再来购买。
260,美观大方，很好很好的稳定，安装师傅服务周到，讲解清楚，非常热情。
261,本来打算买EVDD款，618凌晨发现这款大促，果断下单。很多方面都比EVDD强，真是超值了。使用感觉很好，安装费二百多。
262,外形美观，加热快，师傅安装专业，速度，并且帮搞卫生，师傅五星，产品五星
263,安装准时上门，做了预算，清理了现场 会使用了，服务态度好 安装技能好，好评。关注这款机器已经很久了，618买确实非常实惠了。必须出手。当天定，当天就送到了。这个速度我也是服了。师傅准时上门，我迟到五分钟。态度很好。五星好评。
264,整体大方，颜色好看，功能齐全，安装师傅热心细致，很满意的一次购物
265,热水器不错 颜色好看 容量大 加热速度快 操作也很简单方便 安装师傅服务态度好还很专业 品牌值得信赖 很满意！
266,非常完美 可以整胆加热可以半胆加热 安装师傅非常专业 服务非常好
267,热水器前天到货，今天就来安装了，热水器高端大气，外观漂亮，安装师傅耐心，态度非常好。
268,外观漂亮这个颜色屋子里装上高端上档次。热水器加热快，保温效果挺好的耗电低。安装师傅服务态度很好。干活利索细致，服务周到。
269,快递速度很快，外观非常漂亮，安装师傅专业、热情，服务态度很好?
270,大品牌值得信赖，到货后安装师傅及时上门安装，仔细排除隐患，确认无误后激活热备，正常使用。师傅各方面讲解细致到位，5星好评。
271,外形美观，加热速度快，能耗低，可供2-3洗浴，非常不错，父母非常喜欢，赞?
272,比较高档次，感觉很厚实的算比较快吧，两人连续使用，行可以在APP操作调温、开关，很实用
273,上门安装速度很快，很好。告知收费情况。学会了使用，安装技术好，态度特别好，清理了现场干净利索。
274,高端大气上档次，加热也挺快，家里三套房都用的史密斯，信赖史密斯，信赖大品牌，安装师傅也特别专业，五星好评！
275,这个颜色特别好看，而且看起来特别大气，送货超级快，装修师傅上门安装服务也特别到位，开箱验货，还帮忙把热水器直接给设置好了，非常满意，热水器用上了再来评价，我相信史密斯大品牌
276,整体是一次很愉快的购物经历。事前咨询的客服都很耐心解答各种问题。安装师傅准时上门，干活干净利索，拆旧机器遇到些麻烦师傅也都想方设法解决了。实际使用也都很好，关掉电源也可以保温很久。很满意。
277,机器外观好看，加热速度快，安装师傅态度非常好，干活利索，用件多少告诉清楚，安装师傅是我见过最好的师傅
278,很快儿子喜欢的外观颜色女生不洗头10度以下气候晚上温度都不下降
279,大品牌做工精致，外观漂亮。使用方便。可以预约时间加热特别人性化。安装师傅工作效率高，服务态度好。5分好评给史密斯和安装师傅。
280,史密斯大品牌，师傅预约上门安装穿鞋套，服务态度很好，安装及时晚上立马可以洗澡了，手把手***何使用操作。点赞??
281,安装师傅特别热情，而且也很细心，安装的时候家里出水网堵的也给弄的很干净，特别?棒的师傅，打眼还用垃圾袋接着，安装完卫生间也不脏，一次愉快的购物
282,大品牌值得信赖，产品送货快，售后安装也很迅速，服务非常好，产品外观很漂亮，烧水速度也快，很满意
283,6.18活动 抢的   热水器当天就收到了  还有以旧换新活动 超划算  师傅安装速度超快  环境卫生保持的也很好 装好之后还帮忙收拾了卫生   满分?
284,安装很快，师傅很专业，热水器热的也很快，可以联网用，很好。
285,简洁美观  大气很快1个多小时整体感觉用的还是很不多的
286,购买后感到外观漂亮，安装方便，还能预约加热，使用很方便，我原使用天燃气热水器，当时想用电肯定不方便，没有想到使用也很方便，在使用一段时间后再进行详细点评，争取能有一些经验可以向其他同仁借鉴。
287,老牌子了，以前都是实体店，第一次京东买大件，下单第二天就送到，第三天就安装，太快了。外观大气香槟色，还送叮咚音箱，性价比超高！
288,金@泽漂亮高大上省电够用快品牌好师傅也认真负责
289,非常漂亮大气上档次加热速度非常快。特别省电
290,外观好看，显示屏幕高端大气，操作也不复杂，安装也非常专业，支持京东！
291,这个颜色还是很满意还好目前未测试晚上再试再观察
292,送货很快，网上下单后次日达。因为原来的热水器坏了，小朋友要洗澡，提前和师傅预约，送货当天就来安装了。安装的师傅很专业，线路走线的很规整，而且非常认真。节日期间还来安装，前前后后忙了一个小时。为专业精神点赞。
293,外形时尚非常快，保温时间10天以上
294,水器 工艺好设计人性化，高端大气上档次龟 双棒加热速度快一级能耗，节能省电满足一家人沐浴网店客服，服务很周到教我在什么时间来购买省钱，师傅安装很快，态度好，还教我怎么样操作一次完美的购物。
295,热水器颜色挺漂亮的，简洁大气，安装师傅服务态度特别好，总体挺满意的。
296,加热速度很快. 洗完温度下降慢.外观很现代可以app操作话很方便
297,发货速度快，事先联系，安装师傅也很到位，事先联系，电话沟通，疫情期间很到位，消杀口罩?备齐全，安装细心仔细，各项指标都测试很好，安装小哥儿到位。
298,外观很不错 ，看起来蛮好看的，而且卫生间也正好放得下加热速度也可以一级能耗很不错 应该很省电 还得是史密斯师傅****的态度也特别棒安装也没花多少钱 总体十分的满意
299,外形美观大气上档次，智能控制静很潮，送的叮咚也很个性，安装师傅细心负责，还帮了个小忙，赞一个?
300,颜色漂亮，大气给人特别高贵的感觉低耗能后期追加评论
301,首先说一下安装吧，因为装修原因我改了几次安装时间，但是每次都跟我沟通及时，很快处理了安装预约等问题，今天师傅上门安装，来之前特意沟通几次安装时间，特别好，安装前根据家里情况，及时跟厂家沟通，最后达成一致，安装服务很满意，我要求多装了个东西，也是按史密斯价钱收的直接给装的，本来也就一个小时的活，因为我的原因，多了半个多小时，师傅也直接装了。再说一下产品吧，史密斯的产品非常好，加热速度特别快，全胆加热也就10分钟左右，这样根本不用一直开着，而史密斯特有的开关，根本不用装那个开关插座，非常满意
302,非常好看，金色的，很喜欢安装师傅很准时，服务热情，告知如何使用，很认真，装的也很好省电
303,美观，大气，颜色很中意！加热很快，半桶、整桶分别设置加热，很方便！一级能耗，省电！我家一直都是24h开着，使用方便！送货员送货上门，一人扛到四楼，给力！预约安装很及时，约定好时间，安装师傅及时上门安装。我家是换装，师傅先把旧的拆下来，再安装新的。安装专业，超赞?！配件收费合理！
304,外形漂亮，亚金色，百搭  安装师傅专业，安装的很好，点赞
305,颜色满意，大气，品牌靠谱专业3K瓦双棒加热，相信效率也是杠杠的物流出了点小问题，京东客服及时帮我处理，效率很高，感谢！师傅安装仔细，考察墙面，上了小挂架，没有给我多花钱安装考虑了空间布局，总体顺利，给好评！使用后再来追评
306,热水器外观简单大方，质量很好，安装师傅也很认真负责
307,外形外观都不错，特别要赞一下安装林二亮师傅，安装很专业很细致很热情！棒棒的！
308,这款热水器外形非常的美观，功能也很强大！安装师傅非常认真负责，垃圾收拾得也很干净，非常满意。
309,师傅上门准时，服务态度好，卫生打扫干净，讲解使用清晰，非常满意。
310,颜色高大上，比白色耐看多了，第一次上门安装还没装花洒和水管导致不能正常安装，厕所比较小师傅指导了该怎样安置，第二次上门才安装好，还教怎样使用，总体很满意
311,热水器已收到，还没安装，但是已看机，外观大气，很上档次，而且都是一级能耗，还可手机遥控很方便，史密斯热水器大品牌值得信赖，价格合适，礼品也是可以，还有补贴，很划算，物流也是相当给力，0点下单，上午10点就到货。
312,外观非常满意，和自己选的瓷砖和搭配感觉可以手机控制，还有声控装置用着会非常方便，期待使用结果
313,用过之后在评价，外观大气家热速度快耗电量低按装师傅细心，又给介绍了一下产品，总体来说产品非常喜欢
314,王师傅人好好 ，专业史密斯的工程师安装的很好完美。服务的很满意，防护措施也做的很到位。
315,非常喜欢，史密斯热水器高端大气上档次。质量放心，家里一直用的是这个牌子这次装修有下单了。
316,外观外形都很满意，快递包装也完好，安装师傅服务态度也很好，加热速度还是挺快的，新装修的房子还没去入住，所以没有使用很多次，就安装好后试验一两次，感觉还是不错的，另外史密斯的品牌还是比较认可的，亲戚也都用的史密斯评价都很好。
317,是我喜欢的颜色，美美哒很快，够用了，一个多小时，
318,美观大方安装师傅认真负责，提前联系，报价清楚，安装到位
319,安装师傅上门准时，材料使用也做了预算，技术过硬，并且指导使用，还提示了注意事项，非常满意的体验了一次史密斯热水器的服务，点赞[强][强][强]6号买的，7号就给安装了，安装很快，送货准时，已经用上了，非常满意
320,非常感谢张师傅疫情期间依旧来家里给安装，服务态度特别好，保修的一些优惠政策也讲的很清楚，干活也是非常利索，给疫情期间依旧工作的人点赞
321,样子颜色还行，比照片的深，上午联系安装转天师傅就上门安装了，服务态度很好，安装专业！
322,正好赶上特价，就赶紧下单了，没想到，送货那么快，朋友介绍的，说她用了几年了，很好用，所以这次我换热水器就直接买这款热水器了，外观很好看，安装高师傅，干货很漂亮，管子安排好，还把废料都收干净，服务超赞，绝对值得推荐
323,热水器的质量看着很好，师傅安装的很用心，带鞋套打扫卫生。愉快的购物体验
324,准时上门，做了预算，清理了垃圾，会用，服务态度好，安装技能好，非常满意
325,热水器很好&hellip;&hellip;美观大方！第一次在京东买家电，没有让我失望！还会继续支持
326,热水器装上了，首先感谢安装师傅，服务很周到，产品质量特好，下次推荐朋友继续来这购买。
327,高档 颜色正正 很大 足够一家三口使用很快
328,外观很大方  水量充足  加热挺快的
329,不错哦，第一次在京东买家电，很满意，高大上哦，加热速度也很快
330,颜色非常喜欢～金属感强，安装花了344～真**黑！！！！
331,60升的体积是有点儿大 不过用着效果特别好 加热快 出水水流大 比以前速热的热水器用着爽快多了 这个触屏版的很好操作 一学就会了 确实不错 安装的师傅人也特别好 帮我把之前的速热的热水器还有烧焦了的插座卸下来  费了好大劲 安装服务的相当好了
332,618京东大促买的，今年大促力度非常，超出预期，比平时便宜很多，非常非常优惠。家里的大件家电都是在京东购买的，一直都是非常信赖京东，质量信得过，有保障，售后服务很好，快递物流也是很快，总之就是非常满意。
333,机器很好，师傅****很到位，垃圾都帮清理了，非常满意，很好的一次购机体验
334,商品外观大气上档次，安装师傅服务态度很好，商品运送及时，没有什么明显瑕疵。暂时还没有使用，过一段时间入住以后再来追评。送了智能音箱暂时还没有体验效果，总是上感觉购物体验不错，下次还会来买，最好是在买净水器的时候能给个大优惠哈哈！
335,非常不错！安装守时专业，不错！金色的外边，高贵大气！
336,售后服务很积极，主动联系上门安装，很满意。爸妈也很满意，水大，用电少，以后用热水方便多了。
337,色彩柔和，线条流畅很快。周日家里原来的史密斯用了15年坏了，当天在京东抢了这款，周二就安装完毕。解决了大问题，没有热水器洗漱真的不方便。相信京东的品质。
338,安装师傅操作熟练，认真负责，办个多小时就装好了，非常感谢
339,大品牌值得信赖，安装师傅非常认真负责，能够帮助客户排除万难。简洁大方
340,还没开始用，刚装好，很美观，师傅装的又快又美观，还不忘帮我们收拾干净。
341,高端大气上档次，低调奢华有内涵。暂时还没用。用过再来评价！安装师傅很给力！暂时还没用。用过再来评价！
342,晚上下单，第二天上午送货，中午打服务热线，下午4点安装完毕，安装师傅热情敬业可爱，很专业，打孔的时候还问了有没有电线，还给装了架子，安全最重要嘛，垃圾都带走了，全部按照标准收费，还帮忙教了公众号里产品后续的售后及机器怎样使用，师傅非常认真仔细。安装完后测试，加热速度很快，而且支持半胆加热，真的很赞！已经购买第二个热水器了。这款智能WIFI设置简洁明了，节能除菌安全应有尽有，颜值超棒，看起来不错，样子美观，图案和颜色都是我喜欢的黄色。安装起来也很美观，心里非常满意。漂亮的黄色加上液晶显示屏幕，看起来显高档。跟灰色的瓷砖放在一起又有点发灰，跟整体的装修非常搭。
343,外观很漂亮，趁着活动买的优惠力度很大，而且物流很快，安装师傅也很好，客服服务态度也很好，总体来说很愉快的一次购物，
344,货收到，质量很好，比实体店便宜好多，商家服务态度很好，物流也快，上门安装的师傅，服务态度也很好，这也是在京东第二次买了，便宜，好用
345,热水器精美，热水器送货很快，安装人员服务态度特别好！
346,安装小哥技术娴熟，而且很耐心地教授使用方法，给赞，下次还买施密斯的产品。
347,热水器到货喽   颜色高大上  双内胆  一级能耗      太喜欢了   家是农村的  送货  安装都非常快   非常满意
348,师傅工作不仅态度好而且周到，设身处地为用户着想，客服安装困难，总之非常满意
349,物流很快，安装服务很好，颜色很喜欢，很好看，按我家里很合适
350,价格优惠:热水器双十一买的，双十一活动价格很优惠，性价比很高， 发货速度快:零点抢购的，客服打电话说天亮就能给送货上门，提前预约家里有人接受，很贴心的服务，也没有因为双十一物流货物多的原因影响送货 安装服务:不得不说，他家的安装服务简直太好了，安装师傅第一时间打电话进行预约，速度很快，根据客户的时间尽量安排，到家里安装前打电话预约时间，安装前进行环境评估，价格预算，每一个零件，每一个价格都讲解的特别清晰，安装师傅边安装边整理，边收拾安装后的废墟，安装后打扫环境卫生，指导使用方法，提供注意事项及**方式 售后服务好:售后会打电话询问安装的情况，使用情况，有问题可以随时解决 总之，很棒的产品，使用一段时间了，很好用，适合大多数年轻人的选择，还可以再手机app中操作，让你不在家也能远程控制，这一点很实用！
351,特别快一级快美观师傅简直太好了，不仅美观还好用，师傅手法安装棒极了，以后再买还买咱们家的，哈哈哈，还解决了冬天我洗碗热水问题，棒极了
352,安装师傅穿工作服戴口罩，戴鞋套进门，安装超级有耐心，服务态度超级好，并且很有耐心的讲解使用方法和注意事项，走之前还打扫干净卫生，真的超级赞??????
353,特别表扬下安装师傅，服务细心周到，态度特别好，史密斯热水器一直在用，这回新房子直接买的这个品牌，果然没失望，很漂亮，试用了一下，水热的速度也很快。
354,一直相信大品牌，安装师傅也很好，安装材料费有两种，透明，讲解很清楚
355,史密斯热水器，前天安装完了，师傅手艺很好，热水器也很棒，加热速度横快
356,师傅干活非常仔细，还把家里的卫生都打扫了，对师傅非常满意，给师傅一个大大大大的赞?
357,安装师傅非常好，帮忙把之前太阳能的水管也处理了，很辛苦。商品用了在评价
358,高端大气上档次，送货快，安装人员服务态度好，速度快，安装专业，好评。
359,热水器外形美观，安装师傅按时到达，工作认真负责，态度很好。
360,挺好的。加热感觉挺快。安装师傅非常负责。
361,热水器安装完成，师傅很耐心，我不会用还花了很多时间来教我！安装完成后还帮我把卫生搞干净，为它装师傅点赞?
362,一次非常愉快的购物体验，从送货到安装都特别满意，安装人员特别细心有耐心。不亏是大品牌细节做的特别好。
363,很漂亮，颜色好看，我老公很是肯定了一番我的审美，哈哈亲测加热速度非常快，供四口之家连续洗澡没问题，感觉再多两个人都可以节能的，手机可控，很省电省水非常愉快的一次网上购物，客服耐心并且推荐的非常好，送货和安装的师傅都非常有责任心，谢谢
364,特别快和我浴室很搭能洗两三个人一次物流很快安装师傅服务很好很节能的产品
365,服务非常棒，热水器也很好，加热速度快，水流大，质量很不错，安装师傅不论是态度还是专业度，都非常棒！
366,外观简单大气，很时尚，操作起来很简单。售后也有保障，很满意的一次购物
367,一直家里三个热水器都是这个牌子的，铁杆粉丝啦！一直支持他！颜色非常漂亮，喜欢。速度快
368,有质感的色泽，高级色，不浮夸快，提前五分钟，边洗边加热都可以安装回应迅速，上门快，态度好，技术专业
369,外观大气速度很快热水充足师傅安装服务好
370,外观很漂亮，款式新颖，颜色也非常好看。加热速度很快，半个小时整胆水温就有50几度了。能耗应该还可以吧！内胆保温效果好的话，能耗相对就低一点。整胆水夏天开65度洗澡三个人用应该没问题。最主要的特色就是可以连接WiFi，可以手机控制，很方便。
371,颜值在线，很喜欢速热半胆，速热整胆！加热速度快一级能效，节电省心小京鱼智能，很赞！
372,收到货物啦！安装师傅非常负责，打了好几个电话确定安装时间！上门准时！安装完毕后还帮忙做了清洁工作！
373,刘继亚安装师傅特别专业，很快就安装好了！热水器很好用，外观也很好看，大气。
374,非常好的一款史密斯电热水器，漂亮大方，制热快，送货快，安装师傅服务态度好，大牌就是好，希望京东越来越好。
375,很好用的热水器，速热，外观靓丽。安装及时，收费合理。有以旧换新返现。
376,非常好，宝贝好看，安装师傅也非常专业，很认真，卫生也给清理干净。
377,安装师傅态度好，非常专业，整体布局走线设计的非常合理美观，安装完成后耐心讲解使用方法，并清理多余垃圾。热水器本身高端大气，加热快，安全性高。已经是第三次选择史密斯了，大品牌信得过，无论是产品本身安装还是售后都安心，总之选史密斯没错
378,安装师傅服务很好，业务熟练，干活速度快，服务态度好，
379,京东物流棒棒哒，包装很好送货上门隔日安装，师傅非常认真仔细，老名牌信地过?
380,史密斯已有130余年的历史，专注打造热水器节能，环保，等特点，适合中国人消费观念！虽然比同等热水器，稍微贵点，但是一分价格一分货！小鲸鱼这款热水器，看了很久了，双十二下手，价格比实体店实惠，安装师傅，很有经验！非常不错的一次购物体验！
381,这个颜色特别好看，而且看起来特别大气，送货超级快，东北地区2天就到了，装修师傅上门安装服务也特别到位，开箱验货，还帮忙把热水器直接给设置好了，总之非常满意，等新房装完，热水器用上了再来评价，我相信史密斯大品牌
382,外形美观大气加热速度非常快史密斯大品牌值得信赖
383,给爸妈家里买的，非常好的热水器，大品牌，值得信任，推荐。618拍的很合适。
384,非常漂亮，特别表扬一下安装师傅，细心周到，活干的特别干净，安装后还耐心指导怎么使用和注意事项。好评。
385,这个热水器很高大上看起来很高大上，安装上一下提高了卫生间的档次，很喜欢，还有安装师傅很负责任，上门快，很热心，安装的也很认真，完美的一次服务！
386,安装师傅特别耐心，工作细致！干了一天的活特别辛苦！应该加奖金！
387,样子非常好看很美观大气今年的新款很不错还没有使用看功能介绍应该是很不错的一级能耗省电一家人洗浴应该是够用了也不会所有人一起挨着洗智能遥控挺方便的，双十一购买真的很合适给一堆赠品很划算
388,安装到位，史密斯就是专业，外观华丽，安装师傅曹舒舒非常专业，以后还选择史密斯！
389,这款装上挺好看的，加热速度也很快，还有增容功能，也能用手机遥控，不错
390,大品牌很专业，送货配送很快，安装师傅专业，服务好，讲解详细
391,很好，服务也好，希望用的更长久一些！东西包装的很好，完全超出了预想值和客服讲得一样好。物流也很快，安装的师傅技术很娴熟，以后还会回购，赠品也很实用史密斯的售后也非常好。热水器外形很时尚，还能连接APP，太方便了
392,618火速下单，送货速度给力，安装师傅服务也到位，非常好，史密斯的品质放心，赶上618也可以算全念神价了，1级能耗，还能半胆，感觉用电量还是可以的，估计用个十年八年都不成为题，还有京东小鲸鱼的赠送，基本没用它控制热水器，当成普通音箱使用了～
393,漂亮大气，颜色高大上服务态度很好，安装师傅考虑的很周到
394,热水器很好看，价格也合适，下单后第二天就到货了，跟厂家沟通给我们及时安装好了，安装小哥人特别好，服务细心，专业！
395,同事推荐的，史密斯不愧是大品牌。一次性下单买了2台。外观大气，安装也很到位。很愉快的一次购物。
396,外观很漂亮，颜色也很喜欢，没有磕碰划痕，安装师傅第二天就安装上了，用的支架，很速度，烧水也很快！
397,安装师傅，真心有心。服务很好，机器外观很好，希望用的也要舒心就更好了，现在比较满意。
398,热水器质量很好，也很漂亮，安装师傅也很认真的安装，还把垃圾都收拾干净了，很认真
399,安装完美很快还不知道安装师傅很给力，安装的很实用，很美观，很负责！给教会使用，提醒了注意事项！十分好评！
400,大气颜色好看是我喜欢的颜色试试再来评价，应该会很好试试再来评价，应该会很好
401,安装刘师傅工作态度很好，技术专业，工作严谨，我非常满意，产品质量非常好?
402,师傅加班加点安装的，安装和服务态度都很好。机器目前运行正常，质量好不好靠时间来检验，小京鱼APP也可以正常控制。
403,热水器很好，安装师傅也是按时到达的，安装时候很细心。好评~~
404,外观很好，是喜欢的颜色还没有尝试还没有尝试还没有尝试
405,售后师傅上门及时，做了预算，技能满意，态度满意，教会了使用，垃圾也带走了。服务非常满意！
406,热水器收到后已经安装上了，家里人都非常满意，超喜欢史密斯这个品牌的热水器，这次选的这个颜色是我的大爱。客服从售前到售后的服务态度都是热情细致周到，回复及时耐心。配送人员和安装人员的服务也不错，大赞。以后家里亲戚朋友有需要的一定还会回购的，京东自营店，值得信赖
407,很好看高端大气上档次！安装师傅很专业，人很好，干活非常干净
408,外观精致，颜值很高，高端大气，质量很好，做工也精细，功能多且齐全。
409,包装完好无损，有防伪码，已经验证过了是正品，安装预约很方便，安装师傅到达时间很准时，安装很专业，边安装边讲解使用常识，管件费用公开透明，厂家自带配件质量很好，加热速度很快，60L的容量三口之家够用，能耗不高。
410,很美观的的外形，颜色高大上。加热速度很快。还没用，稍后评价。安装师傅上午9:00准时来安装，服务态度特别好。
411,安装过程很顺利，安装师傅提前询问了安装位置具体情况，很快安装好
412,美观大气快半小时以上安装师傅认真负责，热水器外观大气有档次，遇到一点小插曲，及时解决了，史密斯值得信赖
413,漂亮很快良好较长年初一过来帮我安装，非常感谢！服务非常好，下次有需要还买史密斯。
414,京东物流一直是非常的快，送货小哥服务依旧周到，风雨无阻，一口气帮我运到了16层，辛苦了！以后还会继续支持京东。另，史密斯品牌值得信赖。
415,双11购买，到货很快，安装师傅专业，有礼貌，热水器很智能，外观简洁大方，很愉快的一次购物体验！
416,非常漂亮，容量也很大。很快省电服务很满意，性价比很高。安装上以后效果很棒。
417,热水器和自己想的一样好，安装的赵师傅标准化的操作很贴心，服务热情周到，必须点赞
418,已经用一段时间了，加热速度很快。操作简单。很满意的一次购物。
419,高端大气上档次、土豪金的颜色非常漂亮加热速度非常快耗电少可以洗好几个人
420,第二个热水器啦~师傅安装快，信赖史密斯！这款外观很高大上~
421,由于疫情影响，终于安装上去了，安装师傅服务很好，客户有问必答，都给满分，期待后期使用也给满分，使用后追加
422,很好，安装方便，美观，安装服务特别专业。
423,高大上快1级能耗省电2一3人够用老品牌信得过
424,热水器已安装完成，安装师傅技术很娴熟，水管走位很满意?????
425,祖师傅上门安装，服务非常仔细认真，服务热情，安装的非常好，点个赞??
426,外观漂亮上档次，买的60升的，够全家人使用，加热速度很快，一级能耗，还有全胆和半胆模式，使用更便捷。安装师傅认真负责，很满意。
427,超级好看 很适合家里的装修风格很快低耗安装很及时
428,外观高端大气，颜色很好看，很上档次，镜面触屏，方便操作，还有小京鱼智能操作加热速度很快，有整胆和半胆两种加热方式，方便平时使用，一级能效，省时省电，还有预约功能出热水很快，一家三口足够使用金圭内胆，预约加热功能健康环保，还有增容功能，再加上小京鱼就更智能化了。安装师傅很专业很准时，服务态度很好，很热情，安装很美观。
429,颜色很高雅，上档次客服态度好，很热情！安装师傅服务特别到位，热情！效率高！暂时还没用，用后再来追评
430,时尚好看很快试用了一下，挺满意，安装师傅很专业，态度也特别好，愉快的购物体验
431,快递迅速，热水器外观漂亮，使用很好，安装人员敬业，服务棒
432,师傅安装专业，热情，家里安装比较麻烦，师傅也很耐心的搞好了，热水器很美观，史密斯大品牌值得信奈
433,史密斯的老用户了，这次家里换热水器果断又选择了史密斯，首先这款机器外观是自己喜欢的类型，60的容量也够用了，因为刚安装上，具体使用感受还体会不到，后续追评吧，重点说下在线客服和电话客服的服务响应速度和态度都非常让人满意，还有先后上门安装服务的两位师傅也都不错，干活认真麻利，也很热情，具体待使用一段时间再来追评。。
434,和装修风格很搭一级能耗下单时即可预约安装时间，非常方便。师傅提前电话确定安装时间，服务热情，态度好。
435,物流很快，我们家一直都用史密斯的热水器，加热快，也很节能，值得信赖的品牌，
436,这台是买了送到乡下用的，京东快递非常棒，直接送到家门口，一开始还以为乡下不好送，需要自提。预约了师傅后，师傅也是上门安装，服务非常棒，没有收取任何费用！史密斯的热水器真的非常棒，不仅外观设计非常高级，功能也非常好，安全性能也好，用的舒心，用的放心！
437,安装及时，尺寸标准，和卫生间完美匹配，师父安装也很耐心，系统直接抵扣了材料费，完全不用操心，大品牌值得信赖???
438,安装师傅态度很好，安装技能优秀，打扫卫生，讲解试用注意事项详细
439,加热速度挺快，外观很好，安装工作人员服务非常好
440,完好，美观正常师傅第一次来没地线，师傅建议水电工整改，购买前确认有地线，师傅服务态度很好，上门两次。
441,师傅提前就跟我联系安装了，安装很仔细，热水器也很精致呢，京东的服务还是很不错的
442,安装吕师傅准时上门工作非常细心，原来的脏污都擦干净了，安装的新的非常满意。
443,机器还没开始用，但是安装服务态度完美。我家之前有个热水器，家里有材料，安装大哥根据家里情况直接用的家里的，无材料费免费安装，五星。
444,安装师傅特别负责任，在疫情的特殊时期，自己主动戴口罩，进门戴鞋套，还主动让我们给他身上酒精消毒。特别认真负责！大赞！
445,师傅安装专业，速度快，服务特别好，安装位置严丝合缝。
446,包装有破损，厂家售后还不错，安装师傅很认真技术也很好！总体还是满意
447,外观大气上档次，功能齐全。安装师傅很负责，服务很到位，收费公开透明合理！
448,安装师傅挺好的，产品质量，外观满意，物流给力，配送师傅非常负责
449,外观很漂亮，圆柱体的，颜色也很大气。之前的热水器也是选择的史密斯，用了好些年了，从来没有出过故障，这次装修新家，也是毫不犹豫继续选择史密斯，果然不让我失望。下午下单，晚上就送货了，第二天就安装，比实体店的又便宜又快。
450,速度快，半小时就70度了外观很大气洗半小时毫无压力
451,安装师傅十分负责，做事非常仔细！热水器外观很好看！
452,物流迅速，下单三四天就能拿到货品。包装完好无损，外边干净整洁。包装完整未开封，得等安装师傅拆。货品送到后快递小哥迅速通知到我，及时拿到，很大的一个箱子，快递小哥费力背上四楼送到家中，任劳任怨。使用效果得过段时间追评，不过亲戚家以前用过此品牌，效果很好。
453,热水器质量好，品牌知名度高，购买前客服服务态度很好，热情周到，还帮忙查询送货时间，预约安装服务，真的很贴心，节能补贴及优惠活动也很划算，送货师傅送货很及时，安装师傅安装也很到位，全程购买很舒心，方便快捷。
454,热水器收到了，很快师傅就给安装上了，小张师傅服务态度特别好，干活很细致，帮我把旧热水器卸了下来，还做了预算，安装完收拾了卫生并耐心的教我们怎样使用，非常满意，大品牌值得信赖！
455,外观漂亮！京东会员买完更合适，送货快，安装方便！安装师傅人帅，手艺好！人特别好，装完以后特别好！
456,热水器外观很漂亮 师傅上门安装态度很好 使用很方便
457,安装师傅很专业，产品质量也不错，使用效果后续会追评～
458,颜色很漂亮。大屏幕很上档次。安装师傅提前联系，上门准时。安装熟练专业。好评。京东的安装费补贴活动超赞。
459,颜色很好看 洋气！安装师傅上门及时，服务态度非常好！
460,师傅很专业，态度非常好，安装很快。热水气加热快，易操作。师傅装完还把垃圾清理了，给五星好评。
461,美观大方，位置刚刚好。师傅服务态度好，技术精湛，非常满意快，快，非常快。
462,京东送货非常快，辛苦快递小哥。热水器外观无损坏，样子很喜欢。安装师傅提前电话联系，非常细心，安装过程也非常满意，师傅把热水器贴吊顶安装，很省地方，考虑的很周到。师傅服务态度非常好，费用解释得很清楚，好评！
463,外观美观，还没使用，性能方便使用后再追加安装师傅很用心，非常专业，走管美观，感谢安装师傅！
464,安装师傅服务态度好，机器还没用后续用后再追评很好
465,安装得小哥很热情，我买的比原来的大，耐心的帮我解决，安装。很赞！！！帮了很大忙！
466,热水器已经安装好，安装师傅非常有耐心，安的也特别细致！材料也利用合理！
467,特别满意，6.18零点下单，今天就安装上了，安装师傅特别专业，服务超好，史密斯永远的爱！
468,安装完了，特别好看，喜欢，安装人员服务态度很好，家里人特别满意热水器好看，看着高级
469,安装工程师服务态度很好，安装很专业，非常满意。下次还会买史密斯热水器，真棒?
470,产品性价比很高，快递小哥也很不错，提前联系送货上门，一百个赞！安装师傅给力，非承重墙安装的架子，外观漂亮。
471,史密斯热水器外观很不错～大气简单上档次！还没有安装，外形就很心意了！很多人推荐的一款热水器！派送很快给力给力给力给力
472,安装师傅上门非常准时，材料使用先做了预算，安装师傅技术过硬，并且指导使用，还提示了注意事项，全程佩戴口罩和手套，非常满意的体验了史密斯的一次服务
473,物流快，机器大气，安装到位，安装师傅联系好就上门安装了，很准时，服务很好，讲解非常到位
474,安装师傅非常专业！业务熟练，安装到位，对漏电保护检查细致，给史密斯团队点个赞！
475,我像一个猎人一样一直盯着这个热水器，终于等到618大促了，毫不犹豫马上下手了。网上调查过这个产品，颜色高大上，能耗还很低。价格挺亲民，我喜欢。后天就要开箱安装了。物流也非常给力，速度嗷嗷快，态度非常好。赞一个！
476,618好不容易抢到心仪的产品，回来一看尺寸不合适。物流速度真是快，当天货就到了，比实体店买还要省时省心，真不想退了。可没办法，已经设计好了也贴了瓷砖了没法改了，只好退了。不管怎么说这是一款性价比很高的产品，下次还买史密斯热水器。
477,安装师傅人特别好，技术一流，服务热情，产品外观大方上档次，整体感觉非常棒
478,机器美观大方，师傅上门准时服务周到太度很好小伙子很好
479,金色外观也算是百搭挺快的，我一般都是低功率加热这个还不知道，刚安装之前就买的史密斯热水器，两人洗澡完全够用屋内还没安装宽带，所以无法体验互联，不过京东东西一直很靠谱。安装师傅也很好。
480,刚货收，质量好，是我喜欢的样子，物流快，服务态度很好！下次还够买哦！安装师傅服务态度很好！
481,史密斯大品牌，加热速度很快，颜值高。安装师傅热情细心，因热水器挡住门，师傅跑了两趟来给解决
482,大气美观，值得信赖，师傅服务态度非常好！
483,外观很棒，是想象中的那一款加热速度很快，比之前的好很多了。安装师傅很细心，解决家里的安装困难等问题
484,很好，非常不错，多年选择，感谢很快，值得信赖很小很长
485,物流速度第二天就到了，安装的师傅态度很好，还给了我们一些建议
486,安装师傅非常专业！热情服务！讲解细致周全！谢谢安装师傅！
487,师傅安装很负责，服务周到。很认真地帮忙解决了安装问题，而且最后还做了清理。非常满意
488,包装不错，热水器外形很美观，高端大气上档次?热水器信赖史密斯
489,很协调，占地小，很好看很快耗电小可以洗很长时间呢性价比高
490,史密斯热水器外观好，性价比高，安装师傅服务态度好，准时上门安装，讲解热水器的用法，很满意的购物！
491,史密斯（A.O.SMITH）60升电热水器 晶彩设计 小京鱼APP智能操控预约 3KW速热节能 一级能效 E60VDP 家电非常好。
492,史密斯热水器好用，保温效果还可以京东快递速度快。安装师傅 人很好。
493,设备很好用，安装师傅很细心，服务很周到态度非常好
494,安装张师傅非常热情周到，把我家装修留线不合理的大问题给解决了，感谢张师傅！AO史密斯热水器美观大气值得信赖！
495,"看了很久热水器最后还是选择了史密斯，卖家发货很快，物流也非常给力,客服服务态度极好，很有耐心、给人一种亲切感，好喜欢。还有包装精美，高端大气上档次;看得出来商家很用心。宝贝真心不错，与图片相符，没有任何差异，真的是物超所值。安装大哥也很认真负责，按照自己意愿安装。非常喜欢，等用过之后再来追评"
496,非常不错，简约大气送货很快，安装师傅上门安装服务非常好，非常好的购物体验。
497,买给家里老人用的，安全性还是很重要的，果断选择史密斯，大品牌值得信赖，加热快能耗低，颜色外观也是很时尚的设计，还配备了智能语音控制，比我们用的还时尚，安装的师傅也提前和我们对接相关事宜，安装专业，技术娴熟，不乱收费，很感谢他
498,安装师傅很专业，态度特别好，热水器加热快，出水率好，水温控制稳定，师傅安装还教了如何使用，全5星推荐好评。
499,昨晚下单的，今天下午就送到了，送货的小哥服务很好，因为家里卫生间还没装完，所以暂时还没拆封，相信里面的热水器会像在图片中看到的那么漂亮！
500,热水器质量很不错！史密斯品牌高大上档次！颜色也好看一家三四口人足够用！售后服务态度也很好?
501,售后服务师傅很热情，活很漂亮，加热速度很快，赞?
502,机器收到了，也安装完了，商家很热情，快递很快，师傅上门来给安装的，还有很多赠品！非常好！
503,挺好的，物流超快，安装服务满意，颜色也比较好看。
504,到货速度没得说，客服也很耐心。金色的外观跟家里的电器一个系列，还没装修完，等过段时间安装之后再追加评价，让大家看看效果。
505,热水器外观高大上啊，安装师傅特别给力，很专业，非常热情，很快就安装完成了、非常不错
506,看起来高大上，节能性能好，安装师傅很热心，设计很合理，速度很快，很满意。
507,安装师傅非常满意，产品满意，教会了使用，清理了现场
508,热水器很好，外观漂亮，加热快。安装师傅太好了，技术好，态度也好，服务棒棒哒！
509,师傅很给力，考虑事情很全面，活干的漂亮，热水器刚装上，等用过后会跟进评价。
510,外观很好，功能齐全，安装的师傅也特别客气
511,颜色款式都是我喜欢的快一级节能安装师傅很热心，也很细心
512,下单第二天到货，第三天安装完成！流程连贯，安装师傅很专业，排除各种困难，顺利安装完成。
513,安装师傅安装得非常好  热水器加热很快    客服耐心    非常省电   安装师傅还教怎么使用
514,热水器选了好长时间，最终还是选择了这款，赶上活动很划算热水器很好，安装师傅很专业，值得购买。
515,今天一早安装师傅就打电话预约时间，因自己不能到现场，拜托师傅帮找最佳安装位置，师傅人特别好，给出的安装意见也真心为我们着想，另外师傅走前把卫生也打扫干净了，非常感谢杨师傅。热水器颜值高，试水时热水速度快，因还没安装花洒，其他还功能没有用到，史密斯的服务从售前售中售后都特别好，一次愉快的购物体验！
516,外观很漂亮，实际效果很美！加热速度相当可以，用起来方便省事
517,安装很快，态度很好，热水器很好，容量大，加热快，屏幕显示很清晰，高端大气上档次，操作简单方便，
518,东西很好、物流、派送、安装都很单位，服务很周到，安装师傅非常热情！
519,安装师傅很专业 很热情 技术很好
520,"安装的十分到位，安装师傅安装技能熟练,麻利;服务态度非常好，收费标准提前说明，收费非常透明，施工完还帮着把卫生打扫了，五星好评"
521,包装完好，送货师傅领进门，售后服务态度非常好，一直在用史密斯的热水器，这次装修新家有买了一个。推荐
522,京东物流非常到位，到货后马上接到史密斯的安装电话，第二天就派了安装小哥来干活，安装小哥诙谐幽默，处处替用户着想，干活麻利，提前沟通安装费用，服务非常满意！
523,安装师傅很好，服务很好，已经装好了，可以正常使用！
524,史密斯热水器安装完毕，安装师傅服务很好，机子漂亮质量过硬！！！！
525,非常期间 上门准时 专业 服务态度好 两次****态度很好?
526,感谢安装师傅岳东东的耐心等候，约定的时间我没有及时回家，岳师傅耐心的等候了一个多点！同时技术也非常熟练，没到半个小时就安装完了，并且把垃圾都带到楼下了，给安装师傅好评
527,颜色高大上比较快一般看中了史密斯热水器的品质，所以选择。售后安装人员特别专业，敬业，给了很好的建议，服务到位，很满意！
528,安装师傅服务非常好，也非常热情，下次还要继续购买史密斯
529,香槟色跟洗手间很搭配加热速度挺快的，试了下，一会就热了。据说一天不用热水好点0.5度。感觉可以。
530,美观，漂亮快安装师傅特别专业，干活特别干净。安装完耐心讲解操作过程，
531,师傅及时上门，安装技能好，卫生做的很好，耐心讲解，非常满意
532,这机器加热速度就是快几分钟就有热水器了外观也比较特别颜色特别好看
533,热水器质量很好，安装的师傅证件齐全，服务到位，非常满意
534,刚安装完毕，很喜欢。不知道热水器性能怎样。但在这里我要特别感谢安装王师傅，聪明智慧，热心帮我们解决问题，使安装顺利完成。为京东点赞，为师傅点赞
535,超快速送货，超快速安装，服务特别好。相信史密斯，一直用下去。
536,安装师傅很认真负责。安装环境稍微复杂，近3小时才完工。非常感谢！
537,到货了，喜欢的颜色和外观，质量也不错，还是智能的，快递小哥服务态度很好，好评，棒棒哒
538,很快，出热水时间短不错
539,整体来说很不错，史密斯的服务还是非常到位的，师傅很专业，家里一直用史密斯的电热水器产品。这款产品，外观高大上，有半胆功能。?
540,第一次买史密斯热水器，总听亲友说好用。外观帅气，性价比高，发货速度快。最让我满意的是安装环节。安装小哥服务热情，专业技术过硬，处处为客户着想。总的来看是非常满意的一次体验！
541,热水器安上了很高大尚，安装师傅服务态度很好，利索，京东送货速度快，售后服务到位，一如既往支持京东
542,热水器看着质量挺好的，物流也很快，安装人员安装的很到位，服务也挺好的。
543,师傅服务超级好，工作认真仔细，机器加热很快，外观大气
544,安装非常好，非常迅速，师傅早上8点就来给安装，装到10点半才装好，确实非常辛苦，非常满意，师傅非常努力
545,热水器外形很好看 颜色也很好看物流很快安装师傅的服务态度很好 安装完之后收拾干净才离开的 大品牌值得信赖
546,热水器安装好了，受疫情影响迟了一些，不过安装师傅很负责，我们经常电话沟通。复工马上就来安裝了，安装得很到位。也按要求尽量做到最好。这热水器很好，美观大方，还没用插电试试再说。感谢安装师傅。
547,外观非常漂亮，显着大气安装师父服务非常好，安装速度快，非常专业
548,产品升温很快，安装师傅很专业，态度很和蔼，非常满意！师傅还留了电话，以后有任何问题都可以电话询问！
549,满意的品牌和价格，安装小哥的热情周到，完美的一次购物！
550,上门安装时间很准，然后安装很到位。这款很大气，很好看。满意。
551,认可师傅服务，机器外观美观，加热速度快，非常满意。
552,颜色好看，安装上非常不错，果然是百年品牌！品牌服务非常不错，安装师傅非常专业，尽责工作，服务态度非常棒！
553,热水器非常的好看，安装师傅一早就到了，提前一个晚上打电话确认明天的时间，转天却之前又打电话确认了一下，安装的速度很快。马师傅。真的非常的专业。很喜欢，不会把屋子里弄脏。所有的费用都清晰。明朗可以直接看出来。
554,我家买的史密斯的热水器，已经用过了，加热速度很快哦！不管是外形设计的好看，而且功能特别齐全，很方便，比一般的好很多，洗澡时不会一会热一会冷的，特别喜欢，特别实用，颜色也很漂亮！
555,此款热水器看上去很高大尚，安装师傅很专业仔细，服务态度好
556,颜值很高很快，支持全胆半胆加热一级能效，应该会省电一家三口够用颜色很漂亮，可以用小鲸鱼APP智能操控
557,值得购买的好活动哦，价格合适，性价比超级高，延时配送和安装，一键预约之后，转天师傅上门，线下宋师傅服务快，态度好，手艺也超级棒，装的非常整齐
558,师傅上门准时，服务态度很好，安装速度也很快，安装完也帮忙清洁干净，十分好。
559,大品牌，值得信赖。安装师傅非常细心，走线美观，收费合理。服务态度特别好。感谢感谢感谢。
560,师傅上门安装非常规范，价格也合理，非常好的一次购物体验。史密斯热水器大品牌颜值高，质量好值得我们信赖！
561,外观设计大方高贵，值得拥有，师傅安装的很认真到位。点赞?
562,师傅上门安装 加热快 颜值高 很好 大品牌值得信赖
563,外观大气，金色很上档次很快一级能效很省电安装师傅很认真非常专业
564,安装小哥服务特别好，耐心讲解使用方法，收费的项目都告诉的很清晰，大爱
565,热水器很棒，价格也很优惠，性价比高，当天买了下午就到了，物流非常快，安装小哥很给力。
566,满意，颜色高大上相信史密斯的质量师傅准时上门安装，态度端正，按要求收费，质量有保障
567,售后上门安装速度很快，态度很好，很多不明白的地方也手把手教会我了！
568,我家安装师傅真的是超级超级超级超级好服务好 态度好 人也特别好特别帅 吹爆史密斯的产品和服务 一百分！！！
569,热水器非常好，颜值在线，功能也能满足需求，史密斯值得信赖。
570,时尚的香槟金色，液晶触摸屏，看起来很上档次双加热棒加热很快60升三人够用发货超快，晚上下单隔天就收到了。收到货后很快有专人联系安排安装时间。安装师傅也挺好的，很专业，态度很好。
571,收到商品安装好使用，升温快，十分好用。特别超赞的是送货十分快，配送员服务十分好，十分感谢。安装工作人员专业，周到，赞！
572,很满意，热的快，出水大，快递快，安装师傅服务到位
573,安装师傅上门准时，热情服务，讲解到位，热水器外型美观，升温快，对于史密斯的商品及服务都很满意
574,售后和安装都很到位，安装师傅提前告知收费情况，还收拾垃圾带走，自带鞋套，很专业。非常满意！
575,一直信任史密斯，新房继续用史密斯。安装的师傅态度也很好，很专业，还会仔细教你使用。这么热的天来安装，没有怨言，必须点个赞。
576,颜色好看，很满意的一次购物。安装师傅很满意，态度很好，下次有需要的还会购买产品。
577,热水器暂时没有使用，应该没问题。主要是安装师傅特别专业，对热水器行业也有见解，五分好评。
578,主动****，态度非常好！机器也漂亮！安装非常满意！信赖史密斯！
579,安装师傅按时到达，安装快速，态度很好，操作规范专业！我母亲很满意！给个赞！
580,机器安装完毕，效果非常好，师傅服务非常到位，讲解细致，安装现场很干净，满意
581,香槟色很时尚加热巨快，很满意一级能耗，很放心可以全家洗澡无压力安装小哥很礼貌，稍后服务一条龙
582,外形给力 史密斯大品牌 最好的电热水器送货安装都很专业 因为要半包热水器 安装师傅先来看了顶上需要增加辅料填平 给施工经理交代好后 四天后准时过来安装 把墙面水管擦的好干净  两个固定T型架很稳当 不像其他电热水器品牌 两个竖杆 打两个膨胀螺丝  老担心会掉下来  两个卫生间和厨房有点距离  不喜欢用燃气的 冷水留的时间太长  而且开关开的总会温度不稳定  还是电的用的舒服 这款加热特别快 买了两个随便洗 不会担心别的地方出水 洗澡时候水压有变化   带APP功能 在手机上就可以预约开关 调节温度  非常好  安装团队很专业 师傅态度特别好    五星满分
583,东西很好很喜欢，安装师傅很细心，教我如何使用，安装的水管很板正。
584,拆旧装新，安师傅服务态度很好，沟通及时，按时上门，工作麻利，厂家的客服回复也很及时，很满意。
585,款式新颖。外观时尚大方。功能性价比很高。防电墙。安全防护也很好
586,外观跟图片一样 颜色也非常好 希望能跟广告语一样 能洗半个世纪 哈哈
587,看着很大气，安装师傅也很好，安装价格也不贵。
588,"特别大气的一个颜色史密斯是我家比较喜欢的品牌，老早就嚷嚷的要买 史密斯 真的超级喜欢，非常支持，质量非常好，与卖家描述的完全一致，非常满意,真的很喜欢，完全超出期望值，发货速度非常快，包装非常仔细、严实，物流公司服务态度很好，运送速度很快，很满意的一次购物。"
589,首先说一下这个颜色确实很好看，看腻了以前的经典灰，换个颜色真的是不错，加热速度也很快！比以前的机器快多了，我的小鲸鱼还没有到货，到了以后可以试一下语音控制功能！还要夸下物流的速度也是很快的，还有安装师傅也很专业！不错，第一次在网上买电器，京东还是不错的！
590,外观小巧漂亮，家里第二台史密斯了，热水器还是认准史密斯，安装师傅也很用心，干活很仔细
591,很大方比较快低能消耗
592,大气，漂亮很快，声音轻能耗低洗澡时间更长一点
593,热水时间比较快，很满意。外观也是家里人看好后购买的，挺满意。
594,时尚、大气、潮流！很很显档次！很快！10多分钟左右就可以洗澡了我们3口之家，连洗碗洗菜一起，一次加热就可以了可以预约时间，比较省电哦！
595,一直都用史密斯的热水器，质量没的说，外形也好看。安装师傅也很专业，态度也很好。
596,美观大方速热及时节能省电足够泡浴安装及售后非常好
597,618抢的。  1798到手。  性价比很高。   太阳能改电热水器要改管道。   还没开始用。
598,商品下定单后两天就到了，产品外观好看，物流送货进屋服务很好，因装修正打扫卫生，待安装后在发照片。
599,很大气，美观安装师傅非常迅速，干活很细致，特别棒。
600,上门及时，服务满意，很好，一直信任京东，信任史密斯，专业的服务
601,安装即时服务态度很好，安装江师傅也很仔细点赞，大品牌值得信赖，
602,热水器外观精美，价格实惠，主要还是看中史密斯这个品牌，物流发货很快，送货之前会提前预约时间，安装师傅最给力，提前告知材料费，安装仔细，干活板正，墙上有个小背篓碍事，给安装时候带来了不小的考验，但还是安的很好，??
603,觉得挺值的，用好了还会再来的，推荐给朋友了，五分好评！官方自营的东西就是靠谱！以后还会继续购买！
604,安装师傅非常认真负责，准时、态度好，来时提前电话预约联系，工作仔细，讲解到位，大品牌质量有保证，好评。
605,安装师傅服态度好，准时安装   吿知收费情况 清理了现场非常棒
606,机器很好，安装很及时，中午送来，下午师傅就来安装了，安装师傅很负责，态度非常好，
607,六月一日下单，转天就收到货，售后服务人员超细心，送货前后都有打电话联系、预约时间、登记赠品等，工作到位，非常满意。期待明天安装调试后再来上图追评。
608,赵万连师傅安装专业，服务很好，非常感谢，热水器也很漂亮，非常值得的一次购物。
609,安装师傅服务很好，技术过硬，热水器美观大方
610,美观特别快特别小长大方
611,史密斯大品牌，安装师傅工作很细心认真，技术也特别娴熟，还交热水器如何使用，我很满意
612,美观大方速度快很省电师傅安装很认真态度非常好
613,.今天宋师付耒安装热水器，工作认真，仔细。态度非常好，为我们老人着想。安装的漂亮，也干净。我们很是感谢。还耐心教我们使用。感谢了。
614,很好！安装师傅也负责！解决了家里水压大，泄压阀有点漏水的问题，服务很好
615,很漂亮，安装师傅也很负责很漂亮加热速度快省电安装很专业，师傅很负责
616,热水器看起来特别好，刚安装完，回头用完再追评，安装小哥服务非常到位
617,热水器不错，加热速度挺快的，颜色也很高档，服务态度挺好，安装人员服务态度也很不错，棒棒哒！
618,师傅态度非常满意 安装速度快，活干的很细
619,安装师傅非常专业，服务态度非常好?，热水器比较高大上，非常满意！
620,上门准时，打扫干净了，安装师傅很满意
621,简单试用了一下，水很快就热了，期待后期的使用体验。
622,大品牌，很放心，之前就一直在用。给安装师傅一个好评，我家插座位置不理想，师傅也帮想办法完美解决了，技术熟练，态度热情，点个赞！
623,送货准时，安装师傅特别准时，讲解特别细心，安装专业十分娴熟，为我们解决了很多问题
624,安装师傅 上门及时  服务态度非常好   热情，技术高超。机器美观大方！！
625,产品物超所值，史密斯绝对靠谱！安装师傅服务周到，热情，技术专业，替顾客想的很周到！赞?
626,外观很大气安装师傅很负责，服务很棒其他性能等实际使用后再追评
627,特别好，师傅也特别用心，干活干净立正，大大的赞
628,师傅的服务态度很好，安装技术很好。
629,美观大方快一级能耗史密斯是品牌的产品，值得信赖，服务一流，贴心服务，京东物流快。
630,完美节能完美已安装好。师傅比较细心。态度好。整体很满意!
631,热水器很好，安装师傅很负责，布线很规整美观。
632,这款热水器是颜值与质量并存呀，而且安装师傅也及时来安装 服务态度和技术都不错，很满意的一次购物 期待使用！
633,安装师傅人特别好，服务热情，以后还会继续选择史密斯
634,外观漂亮，大方美观热效率高，省电水温上来快安装师傅服务热情，非常好
635,按的是半包的，安装师傅很好，很细心，史密斯就是给力，送货安装都很满意 ?颜色，外观都很喜欢，加热速度不清楚还没用，没装修完呢
636,安装师傅非常好，速度快，服务好。热水器高端大气，操作简单方便。
637,包装的很好，特别喜欢史密斯，运送过程中保护的也很好，师傅说要等安装师傅拆开包装，所以就没拆呢。购物体验及佳，喜欢京东，喜欢史密斯?
638,师傅很辛苦，家里装热水器的地方很小，师傅费了很大功夫装上，效果非常很满意
639,货很好用，安装张师傅服务周到，上门准时，指导使用，以旧换新，价格合适。
640,美观大气，非常喜欢。安装师傅很专业，服务到位，非常满意。
641,一起买了两台，京东购买安装都很方便，机器第二天就到了，而且是村子里，可以说非常快了，安装师傅也是隔天就到了，效率很高，安装速度也快，真的是非常的好啊！史密斯的牌子加上京东的平台真的是非常好的，售前售后服务都很有保障，购买 使用 售后都很有保障
642,很快安装师傅很专业，工作态度特别好，安装的很妥当很好很漂亮够用了
643,大品牌有保障，外观百搭。 师傅上门准时，材料收费合理，非常满意
644,热水器非常满意，外形漂亮，功能齐全，而且价格合适，非常喜欢！安装师傅认真负责，工作细致，满意！
645,大气～颜色好看可以师傅安装的超级专业，速度很快！
646,送货很快，东西也不错，史密斯大牌子，值得信赖！安装也很及时，安装师傅很认真负责
647,双十一买的，隔天就到了。物流和安装服务都很好?。用起来也满意，我家原来是速热的出水温度不恒定。远程操控也很方便，要是和家里的小爱同学能连接就更完美了！
648,师傅上门非常快，服务热情，工作认真，工作过程中一直在出汗，但是效率很高，值得信赖的好师傅。
649,"质量非常好,与卖家描述的完全一致, 真的很喜欢,完全超出期望值,发货速 度非常快,包装非常仔细、严实,物流公司服务态度很好,运送速度很快,很满意的一次购物质量很好, 希望更多的朋友信赖."
650,暗金色，好好看。一级节电，很靠谱。安装林师傅很有耐心，服务态度也很好，我爸老人家还特地拍了他的工作证发给我，说师傅解释得很详细，跟我说一定给一个好评！?
651,刚装上，质量等待后期验证，安装师傅温和，很谦逊。
652,安装师傅能准时到家里，服务态度很好，安装很专业，棒棒哒，继续努力
653,产品质量很好看起来高大上 安装师傅服务态度很好很专业
654,价格实惠，功能多样，安装师傅服务周到体贴，一次非常满意的购物！
655,让我买这个原因是套房用了这个品牌，现在老家房子再买一个，质量没得说，安装师傅也很给力，态度好，技术牛。
656,售后安装，准时上门，做材料预算，讲究卫生，指导使用热水器，安装效果非常满意，服务态度很好。
657,安装的袁师傅非常给力，安装高效，并且一一解答用户问题，点个赞
658,师傅很好，到位，好评，卫生都清理了，教学细致，以后还买史密斯
659,整体外机无损坏，运货速度快 转天就到了 师傅安装速度快，服务很好?
660,物流速度很快，师傅服务态度很好，产品很漂亮，美观大方。
661,送货方便快捷，预约安装很方便，提前电话沟通，很好，还没有用，但是相信史密斯不会错的。
662,安装师傅技术精湛 服务周到 很细致 热水器也很满意
663,双12买的，当天中午不到就送到了，速度杠杠的。整体看起来高大上，颜色我很喜欢。触屏也十分敏捷。预约时间也不用等很久，上门安装的师傅服务态度很好，安装后也亲切地告诉使用方法。 总体来说，各方面都挺满意的，史密斯大牌子值得信赖。
664,外观不错，大小对于小浴室来看也是很合适安装师傅热心，服务态度很好
665,很喜欢的颜色，不是大众都一个颜色个人比较喜欢这个品牌的产品还未安装，安装后追加评论
666,热水器外观设计漂亮，安装师傅按时负责，服务很好
667,史密斯热水器真的是很省心，从下单到安装一条龙服务，下单后就有专门人员联系上门配送时间和安装时间，安装师傅来之前会提前联系具体的时间，到了以后会告知具体的收费项目和标准，安装师傅很热心，安装过程体验感很好～
668,东西很好很不错、安装师傅很热情、安装的很好！好看
669,售后服务特别到位，安装的小哥哥辛苦啦，干的特别细致，灰常满意
670,机器安装迅速，师傅技术熟练，机器外观高大上。
671,东西很好，用着放心?，App，可以控制挺方便的，物美价廉，速度发货速度也很快
672,安装师傅很用心，看着高大尚这款产品，家里没人师傅装完还给d套上袋子。服务真周到
673,京东快递就是快，安装也很快，还没开始用 使用一阵后追评！
674,京东购买安装都很方便，机器第二天就到了，而且是村子里，可以说非常快了，安装师傅也是隔天就到了，效率很高，安装速度也快，真的是非常的好啊！史密斯的牌子加上京东的平台真的是非常好的，售前售后服务都很有保障，购买 使用 售后都很有保障
675,大品牌，放心！特别是安装师傅，上门及时，安装到位，行为规范，服务态度超级棒。为你点赞?
676,外观很漂亮，样子也很新颖上门安装很贴心，具体使用感受等用过之后再来评价
677,安装师傅安装很专业，服务到位，安装完现场及时清理干净，
678,颜色是新款的深色的，非常上档次，喜欢，安装师傅也很棒，会推荐给朋友的
679,物流很快，安装师傅专业、热情，周到，好评。热水器用后会跟评，
680,师傅人很好，安装的很快，解释的也很清楚，服务非常满意！
681,史密斯安装的师傅的工作认真，态度非常好，安装中在保证安全的前提下尽量美观实用，安装后把卫生打扫的干干净净，非常认真敬业的师傅，非常满意！
682,绝对漂亮很快第一次晒单评价(平时都嫌麻烦)，非常满意的一次购物，参加的交定金付尾款活动，半天就送到了，预约之后也是隔夜就来安装，物流和安装师傅服务满分。产品初试跟预期一样，等用段时间再来追评，相信不会失望。总之很顺心的一次购物。
683,售后服务很好，货一到，就打电话预约安装时间，安装师傅现场安装服务态度很好，技术过硬，热水器加热快，屏幕显示很清晰，高端大气上档次，一级能耗，节能效果好。
684,1号晚上买的，送货很快，价格也比较合适。安装时间预订便捷，安装师傅上门态度很好，安装的技术也非常不错，很快就装好，而且对安装提出一些建议，很美观
685,送货上门，约定的时间准时，服务态度非常好，安装方案也很满意
686,安装师傅服务态度、专业性非常棒！超五星好评！
687,安装师傅服务非常好，非常满意，机器效果好，推荐使用
688,京东上买货太方便了  第二天就收到  第三天就安装  客服态度好  安装师傅更是耐心  专业  ??????????????????????
689,快，师傅在我家干了一下午，任劳任怨，服务态度很好，信任史密斯
690,比想象的好多了，高端大气，安装师傅非常专业给力，这么晚了，很辛苦！！
691,服务很好，也很有效率，到货当天就给装好了，师傅工作很认真。
692,收到了，机器颜值高，功能齐全，安装师傅很专业，人也很耐心，很满意的一次购物，安装师傅工作认真。
693,漂亮很喜欢挺快的安装师傅很好，专业，物流速度飞快，服务好
694,省点实用质量好很快温度稳定非常好很喜欢
695,金色比较漂亮，我很喜欢。有档次比较快，功能比较齐全。送货比较快。安装师傅干活很干净利索
696,外观真的不错很好看 也很大方 一点都不好看土加热很快 10多分钟就热了水温也非常稳定
697,安装 很完美    机器也很好   安装师傅安装非常细心 认真   安装师傅非常满意
698,机器很好，看着高大上，安装小哥很热情
699,热水器送货很快，安装师傅服务态度很好，谅解很清楚，超级棒，信赖大品牌
700,外观大气上档次。客服人员很贴心，送货快，安装快。
701,新家装修刚刚安装，史密斯大品牌信得过，以前家里热水器就是史密斯，售后非常完美，也特别速度
702,特别高端大气很省电安装师傅特别准时，服务热情，很细心的讲解热水器的操作和平时的注意点，非常满意。非常快
703,机器外观非常好看、安装工人安装的好。值得信赖的品牌。
704,外观高逼格，加热速度快，质量没的说，安装师傅也特别认真，五分好评！！！
705,安装快，服务好，师傅对产品使用功能讲解很详细，对师傅非常满意！
706,金色非常高端大气 好评加热速度非常快 好评 五分钟烧了十度安装人员非常好 安装速度快并且专业
707,热水器已经收到好几天了 一直在外地 刚回来 还没有安装 不过非常喜欢史密斯这款热水器 大品牌值得信赖
708,整体看起来大气美观，服务非常好，安装师傅技师精湛。
709,快好看省钱给公司买的 替换以前的热水器 非常不错 性价比高
710,家里的史密斯热水器已经用了20年了，毫无故障，特别好。这次新房子要购置热水器，好不犹豫立刻选择史密斯。因为容量问题，咨询客服，给予的回复非常及时。昨天晚上下单，今早就送到了，快递师傅十分贴心，送货上门，并且给留好安装电话。
711,安装快速 师傅很给力也很专业，看了会儿加热速度好像还可以，几分钟就升了十度。希望后续使用的时候也没问题。
712,很好的热水器！师傅上门安装特别认真，特别好！
713,师傅人很好 ****也很好。垃圾走的时候都清理干净了
714,高端大气，还没试用，信任史密斯，但是看颜值很棒！喜欢！！
715,安装的师傅非常专业、也很细心。热水器很大气。非常满意。
716,双十一活动买的，真的是高大上，推荐购买，外形好看，安装人员服务太多超级好，安装的也很棒，家里的前置也是史密斯的，还打算再入手一个净化器，真的是大品牌看在眼里喜在心里，推荐购买，有些东西真的是要信赖大品牌。真心推。
717,高端大气加热很快史密斯大品牌值得信赖安装师傅热心，服务态度好
718,热水器送货很快。安装也很准时。安装师傅免费安装，我家安装有点麻烦安装师傅也想办法帮我解决了。赞！
719,头一个也是史密斯的，用了十三年没有坏，这次换个新的质量一如既往的好，一分钱一分货，用的舒心，安装师傅也很规范，安装标准，京东品质，值得信赖
720,好快低师傅安装规范，讲解清楚，五星好评
721,超级满意，而且上门给安装得师傅超级细心，非常有耐心得告诉我如何使用，太满意得选购。唯一，一点就是音响没到货，说是十五天内发货，期待中
722,外观很漂亮，我现在还没用上门安装服务特别好，师傅特别好。还教我怎么使用
723,大气，好看今天刚装还没有试送货，安装速度都很快！
724,很好看！是自己喜欢金灰色的，有种高大上看上去很舒服的感觉；加热速度好快，差不多25分钟左右就可以洗一个美美的热水澡了。感觉也可以，刚刚使用只能看后续情况啦。特殊时期公司服务非常人性化，本地师傅不方便上门安装，公司及时从外地调师傅帮助客户解决困难，不愧为大公司风范，安装师傅人好细心，服务周到，安装得很美观；安全性能看着也很好，全五星好评！
725,师傅服务态度非常好，安装手法一级棒。热水器看着也很高档。
726,颜值很高的一款热水器。安装完成就迫不及待使用了，真的很好用。60升热水器一家人用没问题。安装小哥也非常专业，态度很好！！！大大的赞?
727,外观造型很好，安装师傅手法专业，相信史密斯品牌的力量。
728,安装师傅上门及时，服务周到，各项说明明确，非常满意。
729,物流很快 热水器颜色漂亮 加热速度快
730,外观很漂亮，还没有试，花洒装完再试用一下。安装师傅很专业，态度特别好。服务到位。
731,非常满意的一次购买，真的太贴心了，不管是安装师傅还是送货师傅都一级棒，物超所值，不错的一次体验，下次还会购买，服务非常到位，会推荐朋友，购买的，安装师傅走线非常细致到位，因为我们家原来的机器坏了，只能走明线，，拍下了照片，大家做个参考吧！看着也不难看。
732,热水器很不错哟，而且更棒的是安装师傅很给力，安装的棒棒的，五星好评！这个冷冬有史密斯的温暖陪伴。挂在洗手间很奈斯。很棒的热水器，今天早上装完，全家都满意！感觉比之前美的要好。整胆加热，全家轮流洗都够用产品满意，安装更满意。具体后期使用在评价追加！
733,加热快，安装师傅很负责，安装技术好！
734,真的还是大品牌合理   以前家里的是老人给安装的，觉得小，而且热的也没有史密斯的快，本人比较喜欢冲水，这个完全够用，太开心了    安装师傅也很好，老公跟着在家安装的，说安装师傅态度很好，问了很多问题，都一一解答了大品牌果真是值得信赖
735,配送非常及时，尤其是安装师傅非常仔细，技术过硬，墙面瓷砖完整没有打裂，非常满意。因为新房还未使用，后续使用后再评。
736,热水器很好，外观好看，安装师傅也很好，史密斯值得信赖！
737,非常省电节能上门安装的师傅非常好，我家之前的热水器型号和尺寸和这个不一样，师傅给重新安装好并固定！！！
738,非常满意，安装师傅人很好??，很快就装完了，棒棒滴，大赞
739,产品外观可以。安装师傅安装很专业，个方面都注意到了
740,好看，很有科技感应该还行要看你选择的模式，半胆确实很快就用完热水还可以，也没有很快
741,安装小哥哥特别热情；技术也很棒；收费合理；着装整齐；
742,大品牌值得信赖 师傅上门快 服务态度很好 活干的干净 非常满意
743,冲着大品牌买的，应该还不错。隔天送货，马上预约安装，师傅态度很好，很耐心解释相关的问题，安装速度很快，有礼貌，说明后续有使用问题可以随时联系，总体很满意！
744,物流速度很快，非常快，填错地址还帮忙给转送了一下，机子很漂亮，安装小哥很负责，态度特别好，技术棒棒的，进门穿鞋套讲究，还帮忙打了好几个孔(淋雨，毛巾架)，六星好评给到了，使用效果以后再来追评！
745,颜值超高、安全好用，一直信赖史密斯。安装师傅技术好、服务周到，非常满意！京东物流给力！
746,售后服务师傅很好，态度也很好，产品挺不错的，送的礼品也很不错，值得购买???
747,安装师傅很专业好看 精致2级能耗 和宣传的一样，刚安装完，使用一段时间再看看热水输出率高
748,热水器外观很漂亮，热水速度快，师傅态度很好，安装的速度很快，很愉快的一次购物。
749,新房已经安装上了，这款史密斯的热水器颜值高，看上去很满意，暂时还没有使用，相信史密斯这个品牌不会让我失望的，待使用后再来追评，安装师傅服务很好，客服也回访过2次，总体好评。
750,热水器品质很好，ao史密斯大牌子，隔天就到了，同时为师傅点赞，上门很准时，服务很周到，非常满意。
751,史密斯大品牌高大上，安装师傅技术服务都很好，必须好评
752,安装师傅上门及时，服务态度很好，卫生很干净，售后服务好。
753,安装师傅很专业，安装很细致。比较敬业，服务态度很好。
754,安装师傅很好，安装很细心！安装得很细致，产品值得信赖！
755,货品收到了，包裹的很好，还没有安装，过两天安装后再来评价看着不错。
756,师傅上门准时，服务态度好，安装迅速手势好，装得很好。
757,东西好！售后服务周到！安装师傅给力！最满意的一次购物！
758,东西非常满意，安装师傅也很专业认真，好评
759,安装师傅态度很好，安转的也好，进门消毒，非常专业，全5星好评
760,下单第二天东西就到了，物流速度没得说，安装师傅第三天一早就来上门安装，态度好装的很仔细，非常满意的一次购物
761,外观大气漂亮很快师傅上门认真细心，专业度很高，很满意！
762,热水器收到啦，外包装没有破损，机器做工质量精细，外观高端大气上档次，安装师傅认真负责，热情服务，把安装热水器像自己家安装一样认真，还帮我更换了插座，另外安装费用也合理，不存在乱收费现象，总之一句话，大品牌值得信赖，已后热水器就是ao史密斯啦，这次京东购物很满意！还会再来光顾本店！
763,东西到家了，大爱，完美。比实体店的便宜一点。没有破损，感谢师傅今天上门安装，给售后的工作人员都点个赞?
764,第一次买这个热水器，东西到的很快，安装时和安装小哥预约的时间很准时，安装完还认真交会怎样使用，真的很不错
765,安装送货都非常及时。 所有费用都十分透明。大品牌东西用的放心。赶上活动也很便宜。十分满意。 目前还没有使用。使用之后会追评的。
766,机器很不错，热水器必须选择有保障的，相信品牌的质量！安装师傅很专业，问了很多问题都耐心解答了，态度超级好！
767,很棒的一次购物，物流超快、售后认真负责，值得称赞的是安装师傅在收货的第一时间到达验货并安装，大赞
768,大品牌服务到位，售后安装师傅干活利索，管材安装非常好。
769,安装师傅非常准时，说七点半到一分钟都没延误，安装态度也非常好。装好卫生都非常干净。太满意了，第一次遇到这么好的安装师傅。
770,安装师傅很负责任，干活细心，负责。
771,很高档安装师傅很专业
772,大气上档次快半小时没问题大品牌值得信赖
773,还没使用，不过外观颜色挺漂亮，师傅安装的很结实，服务态度很好。
774,安装师傅很专业，服务也非常到位，大厂家就是不一样
775,外观没的说，非常漂亮不是一般的快啦很节能反正两个人足够了下载了APP之后还是很好用的，很方便！
776,师傅非常准时，安装的特别好，爸妈一直给我发信息说，师傅特别认真负责，很满意，让我给好评！哈哈哈
777,热水器很好  保温不错  安装师傅技术很棒速度很快  总之试一次非常满意的网购
778,热水器外形很好看，这个颜色非常高级，加热速度也很快，师傅装修完还给打了个8折，服务态度非常棒！好评！史密斯是很好的牌子，推荐大家买哟~~
779,A.O.史密斯大品牌，安装专业，服务流程一丝不苟，非常贴心。机器使用也很好，不错！
780,安装师傅很专业，很快就安好了，服务态度很好，给师傅好评，调试完就能用，第一次买史密斯，感觉质量很不错
781,准时上门，讲解清楚，服务到位，非常满意，五星好评
782,质量很好，服务很周到，使用方便简洁，价廉物美，值得购买！
783,高端大气上档次加热数度快用起来很方便
784,很好的热水器，推荐。安装很好。
785,安装师傅很给力，服务态度也很好，还细心给我们讲解热水器怎么使用，
786,产品很好，安装师傅非常专业，还顺便帮我弄了水龙头，大品牌果然值得信赖，值得选购
787,师傅来的特别准时，安装美观，业务熟练，卫生清理干净，态度很好。下次还买史密斯热水器。
788,史密斯就是不一样，感觉特别大气，而且安装师傅特别好，还可以用小京鱼预约，大爱。
789,机器很漂亮，很有质感！送货师傅也很细心。大品牌售后有保证，安装师傅也很细心。
790,加热速度很快，而且可以少量加热和大量热水金属色很大气。
791,服务非常好，管子接的很到位，热水器很好用，已经知道怎么使用了。
792,好看安全。师傅安装服务特别周到细致快省看时间
793,机子质量挺好，安装师傅服务很好，安装质量好，还交代热水器使用的各种注意事项。推荐购买。
794,安装师傅专业且认真负责，很好的解决了问题
795,样式美观，物流和安装师傅都非常敬业专业，给产品加分不少。
796,商品外观大气，发货神速，安装师傅专业热情。满意
797,师傅上门准时，安装有耐心，工作细致讲解详细，很棒！
798,师傅准时上门，服务态度好，耐心，安装美观，加热快，很满意！
799,师傅准时上门，态度很好，服务满意。师傅辛苦了。
800,热水器安装完工，早上安装师傅早早就到了，服务一流，非常好。
801,非常好看，总体来说对商品很满意，送货小哥也很负责，安装师傅也非常认真负责，好评！
802,很不错的一次购物，机器不错大牌子就是专业，客服也很负责提醒了一下安装需要的前提条件，要不就被装潢公司骗了，装家连接地线都没给装，期待装上去的效果。五星好评
803,热水器外观看着很大气，安装师傅很负责任，怎么使用都解释的很清楚，非常感谢
804,是专业的热水器，加热非常快，外型还美观，安装师傅安装非常专业，是个不错的选择。
805,热水器安的很好，师傅双11期间忙坏了，我家从来都是买史密斯的热水器，没买过其它家的?
806,安装非常好，师傅好负责，安装过程遇到难题，也耐心解决，还帮忙搞卫生了，赞一个
807,非常不错，安装的师傅也很负责。安装很到位。不过插座不需要自己购买，是专门的插座。后续看加热效果再追评吧。一切都好
808,美观快少不错安装很满意 服务热情
809,很好看，高端大气，和家里装修风格也搭还没用，新房装修，等住进来再说趁着618活动买的热水器，价格很实惠，毕竟热水器史密斯还是大牌子了。给父母买的，他们也很满意，送货师傅和安装师傅也很负责，打电话确认时间和地址，京东的服务还是很棒的
810,昨天买的，今天上午送到，下午就来安装完成。师傅上门安装速度快，服务很好、非常满意！
811,师傅上门时间准时，服务态度很好，况且也详细介绍了使用说明。
812,外观样式很新颖，加热速度非常快，安装师傅很细心，好评！
813,质量很好，家电就信任京东！一直信赖京东的产品，服务态度也非常好！
814,热水器昨天下午送货到家，今天中午安装完毕，安装师傅细心，态度好。很满意的一次购物，赞???
815,京东物流很快，师傅安装速度快，服务态度好，收费比较透明，很满意的一次购物！
816,热水器安装完了使用了一段时间，很好用，安装师傅很负责，点赞
817,安装师傅特别棒，热情，服务好，完全能够代表京东及史密斯的服务形象，体现公司的优秀员工素质，为贵公司有这样的优秀的员工高兴，以后会一如既往的支持！！
818,第二次购买还是很好，热水器很棒，烧水很快，功能很好
819,大品牌就是不一样，不管是产品质量，还是安装师傅的技术，都是一流的，安装全过程无任何费用，而且享受双十一的优惠，好多礼品
820,热水器非常高端，安装师傅服务特别到位，安装迅速
821,颜值非常高可以整胆半胆加热 方便
822,热水器外观特别好看，师父安装也很细心哦，推荐推荐
823,师傅按照约定时间上门，贼准时，安装到位，走的时候垃圾清理干净
824,已经安装完了，很漂亮，售后服务也很好，联系安装很顺畅，师傅活干的立正，服务态度也好，好评！！！疫情期间辛苦啦！
825,安装师傅****态度很好，卫生打扫干净了，
826,安装师傅非常给力，服务态度好，手艺精湛！
827,师傅上门准时，服务态度非常好，讲解使用清晰，非常满意
828,安装师傅服务态度很好，看着还行，还没用过用用看
829,热水器外观很漂亮，功能也很强大，安装师傅也很专业，干活利索，细节方面都很注意，整体满意，好评！
830,配送速度快、安装时间，快安装师傅服务态度非常好，
831,安装师傅技术特别好，服务周到，十分满意
832,棒棒哒 安装师傅态度特别好 到货速度也很快 机器颜色很大气
833,产品值得信赖，安装师傅很负责 安装的很认真细心的告诉了我的操作流程。
834,安装师傅专业，贴心，上门安装及时，必须手动点赞。淋浴器外观精美，实用，父母很喜欢。
835,师傅很准时，技能也超一流，设计和材料预算讲解很到位，谢谢师傅的辛苦付出&hellip;&hellip;
836,热水器很好看颜色高级，收费合理安装师傅认真负责，安装后及时清理卫生，选择史密斯不错的选择！
837,产品质量很好，外形好看，师傅服务态度好，很专业！
838,安装师傅服务态度很好，安装专业。热水器颜值很高。家人很满意！
839,师傅非常仔细，安装很认真，辛苦辛苦，下次还回购，谢谢
840,好，加热快。师傅安装的很满意
841,师傅上门安装准时，服务态度非常好，技术一流，买的第二台史密斯了，值得信赖
842,机器很不错，安装师傅人超好，安装仔细，安装完毕还都收拾干净了，点赞?
843,非常美观和图片一样送货也很快安装师傅专业，服务也很好五星好评
844,外观高端大气上档次，加热速度快。能耗很低。送货很快。
845,师傅安装很满意，准时到达，安装熟练。非常好。
846,样子很好看，不是第一次买史密斯了，质量保证。安装师傅很敬业，很快把热水器安好了，五星好评！
847,送货很快，安装师傅工作认真仔细，大热天的很辛苦。
848,对于史密斯的产品一直相当满意，就是奔着这品牌买的，早就想换，一直等到这次年中大促才定下来，史密斯热水器这一级能耗不仅省电，加热速度还快，质量方面绝对的放心，京东自营的产品，不担心有假货这一说，送货及时，售后服务周到，特别满意
849,第一时间准时上门安装，收费合理，卫生也收拾的跟干净，服务别提了，太好了
850,机器送货很快 安装师傅很专业 服务很好 推荐
851,热水器非常好看，安装的师傅很负责，用了10多年的的史密斯了，值得信赖
852,是我喜欢的颜色，外观漂亮售后服务态度很好
853,安装非常满意。感谢安装刘师傅。很专业，很精细，很善良。
854,京东靠谱，热水器很棒，外观超漂亮。物流给力。而且史密斯售后安装师傅，专业高效服务一流给师傅点赞
855,非常高大上档次，安装师傅热情专业，安装熟练，非常仔细讲解，非常满意的一次购物上门安装
856,产品不出意外 还是不错 师傅能够准时上门  服务态度很好 顺利完成安装 并给予使用指导
857,机器安装完了，非常棒，安装师傅非常优秀，非常满意
858,外观漂亮，操作简单，安装师傅很专业
859,京东的物流真的给力，10个小时送达，商品我也关注好长时间了，看了好多电商，还是选京东电商，赶上6.18活动了，买了史密斯大品牌的有保障，活动优惠真的太大了，买到了实惠，还没安装，安装好在追评五星好评
860,安装师傅上门及时，机器不错挺漂亮的，师傅特别好，安装的特别好，给个大大的赞?
861,漂亮安装速度快，安装师傅非常给力，用心服务，感谢
862,产品很好看，性价比合理，安装师傅服务周到，干活细致
863,虽然还没有用，但是颜值可以。送货师傅和安装师傅都很迅速，才买了就送货，然后隔天就来安装，也不用打电话。总体很满意，用过再追加评论。趁着618，希望短期内不会降价，以前也用过史密斯，是忠实用户
864,大品牌值得信赖，安装师傅非常细心负责，下次还会来买。
865,热水器装完了，安装师傅很不错，热水器也很好
866,热水器安装完成、是我的工长在现场、安装师傅服务态度很好，大家幸苦了。
867,安装服务好，很快就安装好，安装师傅态度也好，很专业，
868,热水器用了一段时间，很好用，出的热水稳定，目前没发现有什么不足之处。安装师傅也很好，很热情。
869,非常好，外观很漂亮，安装师傅也专业，配件明码实价，非常满意。
870,好评，很满意，很漂亮，京东物流很快，售后安装也非常快，很满意的一次购物！
871,很漂亮的热水器，非常满意，安装师傅很专业，耐心讲解，走的时候把垃圾也带走了！非常满意！
872,大气上档次！安装师傅很专业，干活认真细致！
873,安装张师傅很好，服务很到位，是名优秀的员工
874,这款机型外观漂亮大气，质量好，安装师傅工作认真干净，手法娴熟，非常满意
875,外形美观，大方，大气刚安装好，还没试，试了再追评，还没试，试了追评，，，说好的赠品啥时候到呢还没试，试了追评安装师傅真不错，面面俱到，给师傅百星好评，
876,安装非常迅速，师傅非常棒，非常满意，下次还会买史密斯
877,师傅安装及时，服务满分，收费合理，安装技术高超，认真讲解使用注意事项，
878,师傅安装及时到位，服务态度很好。非常棒赞赞赞
879,外观大气，颜色好看，大品牌值得信赖
880,看中的就是史密斯的品牌，服务周到，工作细致，很满意
881,热水器按上了，发货到按装都很快? 样式颜色很高极? 服务很周到? 谢谢?
882,师傅上门及时，做了材料预算，非常耐心教会我使用，也清理了现场，总之非常满意
883,师傅和来的很及时，服务跟专业，态度棒棒哒！感谢师傅以后还会再选择
884,物美廉价，安装师傅很专业、很细心、很热情。
885,很好，满意烧水很快，超级静音，颜色也很高大上
886,很大气，颜色很喜欢。才安装好，准备晚上回去试一试。今天装好了，之前因为家里的原因，工作人员跑了2趟，非常有耐心。家里的水电改好以后，今天联系安装了。工作人员非常专业，非常耐心。现在特殊时期跑了那么多趟。
887,外形美观，加热速度很快，洗浴时间长
888,安装师傅安装很认真细致负责，装的很漂亮。
889,师傅已上门，服务态度非常好，效率高，工作认真仔细。
890,热水器收到了，外观很漂亮，安装师傅很认真负责，使用感非常不错，推荐。
891,安装师傅准时上门，服务态度好，还自带了鞋套，比较讲卫生，安装手法熟练，活干得板正，带来配件原厂的，出示了官方价格，价格合理，还指导我们怎么用，总体非常满意，过年期间辛苦了！
892,安装师傅很给力！安装速度很快！赞！就是买多60L的太大了！
893,大品牌值得信赖，师傅的服务态度很好，材料价格很合理
894,很方便，加热快安装人员很nice
895,还没开始使用，安装小哥专业帅气，认真负责，使用问题和注意事项给讲的明明白白，非常满意，感谢。使用后再来追评。
896,师傅讲解到位，很专业，空间利用的很好，感谢师傅！
897,安装服务很好，感谢在大雨天赶来，很愉快的一次购物体验
898,外观高端大气上档次还没使用，不过毕竟是史密斯出品，必属精品。电热水器还是选择史密斯，质量绝对没问题
899,外观好看，相信大品牌，百年史密斯，安装师傅很专业，很给力，操作心细，介绍功能很到位。
900,618非常合适的价格买的，样子也好看，大牌品质值得信赖，还没试用，等试用之后希望好用
901,东西用的特别好，预约师傅上门安装也很快，活干的很细，服务态度也很好
902,安装师傅上门及时，服务态度好，卫生很干净
903,师傅非常给力，热水器非常好！！！
904,这已经是第二次购买史密斯热水器了，新装修的房子再安装上史密斯。客观讲史密斯热水器非常不错，用了好几年也没出现任何质量问题。60L对于一般家庭足够用了，我一般夏天问题设置在45度，冬天温度设置在50度左右，一般不会因水锈发生堵塞。安装完成后使用了一下，加热非常快，出水比较大，满足家庭需求。小京鱼款式非常好看，特别喜欢金色这个颜色，低调奢华有内涵。我一般长期开着热水器，所以只选择一级能效的。京东物流一如既往的好，第二天就到了，提前与我进行了联系，按我选择的时间送货上门。另外安装师傅也很好，服务态度特别棒，按照我的需求给进行的安装，完全符合我的要求，专业性更是无可挑剔，五星好评。
905,买来放领导办公室的，外观高端大气，史密斯大牌，非常好用。
906,安装师傅非常用心安装好了，非常满意
907,关注了很久下的单，烧水很快，安装师傅也很认真，给史密斯一个大大的赞
908,师傅上门 准时 服务态度好 卫生打扫干净 讲解清晰 非常满意
909,金色很大气哈哈哈隐藏式的支架也很美观。还是挺快的一级能效应该木有啥问题还没有使用，有待考证安装人员态度积极，收费明确
910,外观大气好看，京东的服务超级棒，安装人员热情专业！
911,双十一期间买的，客服小姐解答非常细致，史密斯热水器质量没的说，售后也是非常的赞，多次主动打电话预约安装，安装后很快询问是否满意，安装师傅专业，收费合理，非常满意的一次购物。过了0点就付款了，就差最后一步，看看能不能抢到厨宝了。
912,保护完美，外形大气，安转迅速干净
913,给姐姐买的，很满意，很大气，她很喜欢的一个热水器。
914,很漂亮大品牌设计很专业，因为现在没用呢，但是现在最满意的是他的安装，安装师傅很尽心，很尽力，说话也客气，这个是最满意的
915,一直用史密斯，师傅安装很细心，好评?(&hearts;?&hearts;)?
916,非常喜欢，是我喜欢的颜色很快的
917,给爸妈新房子买的，外观时尚，加热快，爸妈非常喜欢，价格也合适！赞赞赞赞赞????????
918,安装好了，师傅很专业，还免材料费！史密斯服务质量不错。好评
919,特别好，安装到位。可以预约，可以半桶加热。值得购买，
920,老牌子，很满意，尤其是可半仓，这样节水节电环保！师傅也为客户着想，安装很美。
921,热水器己按装完成，对师傅服务态度技能非常满意。
922,颜色很漂亮。智能控制，更快捷。
923,外观高端大气上档次，服务很贴心，送货速度很快，很愉快的一次购物
924,前天下单今天就安装好了，安装师傅很专业非常好史密斯大品牌服务太好了，还没用，之前的就是这个牌子一定会一如既往的好
925,外形美观，颜色漂亮，一直关注这款热水器，终于在最合适的价位果断购买了下来，物流送货上门而且安装师傅特别耐心的介绍产品的功能和特点，这款热水器的加热速度很很快，可以全胆加热还可以半胆加热总而言之物超所值，就是安装的材料费挺高的，不过颜值高
926,售后服务态度很好。安装也很专业。安装完，还帮忙清理地面。各方面服务都很好。态度也很好。
927,安装已完成，师傅干话细心，服务态度良好，我非常满意，非常感谢师傅！
928,按时上门安装，教会使用，之前用的也是史密斯非常好?，服务周到。
929,漂亮很快，没有声音观察中
930,货己收到了，安装师傅己安装好，安装的非常好，很负责任，机器外观也很漂亮
931,服务很到位，自己没在现场，安装师傅还发视频耐心教如何操作
932,安装师傅人特别好 给我家走的管子特别好 最后还一步一步的教我怎么用 非常nice！
933,师傅很细心，服务态度很好，服务非常热情周到。
934,热水器很漂亮，功能也很多。烧水挺快，安装师傅很负责。
935,安装师傅上门准时，服务优秀！包装很好，配送也非常及时，我很满意早上下单，晚上到货，强大的物流体系。产品性价比很高，快递小哥也很不错，提前联系送货上门，一百个赞！早上下单，晚上到货，强大的物流体系。产品性价比很高，快递小哥也很不错，提前联系送货上门，一百个赞！
936,超好看还没用快等待效果
937,很时尚师傅服务态度很好两个人连续洗没问题
938,物流速度很快，快递师傅很辛苦，安装师傅速度很快，很美观很满意。
939,服务态度非常好，周到服务。
940,新房还没收拾完，还没有安装，喜欢史密斯热水器，期待装好的效果。物流非常给力，外观很好，直接送到屋里。
941,安装师傅人服务真的很好喔！热水器装的很好安装技术专一。必须好评！?还帮喔吧我家卧室画也挂起来了
942,货已收到，物流很快，包装完整，安装师傅很好
943,挺好的，安装师傅也特别给力，都告诉你明明白白的，还没用，等待以后追评
944,送货很快，产品质量好，安装非常快，效果特别好
945,安装师傅态度，技能没话说满分，讲解透彻，非常满意。史密斯值得信任，很满意的一次购物。
946,外观设计漂亮，质量好，安装师傅上门安装好，售后服务态度非常不错
947,很漂亮，颜色很好看加热快安装师傅很好，活干完了很干净，好评
948,史密斯张顺伟师傅上门安装，服务非常好，我家是旧房子，安装有些嘛烦，张师傅耐心周到，积极想办法，把问题都解决了，选择史密斯，有张师傅这样的售后服务真棒！
949,设备样式很好看，师傅安装很给力?
950,商品还没有用，但是安装师傅袁智超人很细，活干的也很细，解释的很清楚，很准时，好评
951,袁师傅安装规范，速度快。态度很好。非常满意。感谢?
952,热水器很好看，安装师傅主动联系安装，服务热情，安装认真，详细介绍了使用方法
953,安装师傅很认真负责，很满意，热水器颜值很高，喜欢。
954,很时尚很快还不清楚热水充足，一直不缺水
955,发货速度非常快，安装师傅服务非常好！非常满意！五星好评
956,很好 一眼就相中这个颜色了 相信史密斯
957,非常漂亮，操作简单方便能耗低，非常满意安装师傅快速，专业，服务态度特别好，棒棒哒！
958,看着非常好，安装师傅也很热心，还耐心的教我用了一遍，总体感觉不错。
959,外观没得挑 看了好多品牌的热水器 一眼就看中这一款了家用完全没问题 安装完加热试水十分钟左右   实体店和京东看了好多热水器 最后一眼看中这一款 安装师傅很好 很多细节上的东西安装师傅都告诉了 很不错
960,史密斯售后服务特别好，感谢师傅非常耐心并指导，特别满意，感谢上帝！
961,颜色超级喜欢 史密斯我的最爱 没毛病
962,这是我选购的第二台了，性价比强于实体店，发货速度快，转天就送货到家了。安装师傅预约****，态度非常好，工作耐心仔细，提供了很专业的服务，安装效果很满意，点赞！
963,史密斯大品牌，专业生产热水器，发货收货安装的人员素质高，服务主动性强，能为客户想之所想，产品美观大方，值得五星好评！
964,物流速度快，师傅上门安装认真仔细，服务态度非常好，
965,还没有使用，外观好看，客服服务周到热心，送货速度快，售后安装服务棒棒哒，安装地方比较偏远，师傅不厌其烦的给我打电话确认时间和安装事宜，很满意的一次购物，有需要还会选择史密斯热水器。
966,外形非常好看。高端大气上档次。加热速度也很快。服务态度很好。
967,安装师傅很准时，安装位置很好！很满意！
968,外观简直太大气了 很棒 超级喜欢
969,安装师傅特别给力，服务态度超赞！安装专业到位！
970,热水器很好看，安装也专业，史密斯质量放心
971,机器外观大气上档次    安装师傅也很热情
972,彰显高端大气上档次！加热速度快！安装师傅专业，专业熟练，服务态度热情！
973,外观高大上，不愧为大品牌，送货及时，安装快捷，期待以后使用满意
974,颜色大气还没试试够两个人速洗安装师傅很给力，安装迅速专业。
975,送货很快，安装师傅也很耐斯，非常耐心的讲解怎么使用
976,物流很快，派件员也很负责，提前约好送货时间，不过暂时还没有安装，等安装用过了再说
977,产品不错，配送特别快。上门安装的师傅非常专业，干活耐心细致，很好的一次购物体验
978,好不容易抢到，第二天货就到了，超级给力。本来挺开心，挺期待的个事，还找了工人把吊顶都拆了，结果安装师傅迟迟不来，晾了我们好几个小时，我觉得他不适合干这个。
979,机器很漂亮货快， 安装师傅，安装细致 好评
980,服务很满意，安装师傅很专业，为客户考虑很周到，产品看着很漂亮
981,王师傅准时上门 服务优秀 态度完美
982,工作态度认真，服务态度非常好，非常感谢安装师傅！
983,师傅服务订好，很快安装完了，讲解也很到位。
984,美观大方，很喜欢。安装师傅人也很好，满意。
985,产品外观设计时尚大气！操作简单，孩子老人都能掌握，物流师傅也很快!态度也很好!安装也很专业，现场卫生处理的也很好！愉快的一次购物!
986,快递发货速度，拍下12小时内就到货了，外观不错，专业的安装师傅，价格透明，可根据自己的意愿选择材料，刚安装，还没有接通电源使用，但整体非常满意
987,安装师傅赵万连大哥服务超级好，安装时会帮忙讲用法，根据要求早上七点就上门啦，
988,美观大方的热水器，安装满意，客服也很热情耐心，具体用段时间再追评。
989,外观大气上档次，史密斯老品牌质量信得过
990,热水器到了喜欢，非常满意安装师傅特别细心，服务态度也超级好，好评
991,安装师傅服务很好，专业知识过硬～满意～机器还没用～期待
992,大品牌值得信赖，安装师傅技术纯熟，服务态度超好，耐心讲解使用方法，真心赞一个！
993,618再网上购买的送货非常快啊安装师傅也挺好的，先用用看看不知道加热快不
994,师傅上门准时，态度很好，机器美观大方
995,热水器挺好 师傅安装技能技巧很满意
996,颜色很高级，很漂亮。非常快，再也不用洗一半赶紧烧水。安装师傅服务态度很好，还帮忙打扫卫生，把注意事项跟我们讲解很详细。电器还是大品牌用的放心。就是配送人员态度不好，天下雨，送的箱子都湿了可以理解，走的时候直接甩门就出去了，声音很大。我家还有小宝宝在睡觉。
997,师傅很热心，活干的特别好，机器也没问题，好评
998,外观很好，上门安装很及时，安装师傅服务很赞。
999,京东小哥送货速度很快，京东小哥服务态度很好，热水器一直比较喜欢史密斯，已经第三次购买了，质量很好，速热很快，内胆保修8年，史密斯热水器不管从服务或配送都非常好，安装师傅服务态度很好，安装认真负责，安装很熟练，下次还会继续光顾的
